# P.Oxy. 1231 fr. 1 col. i, lines 13-34 (= Sappho fr. 16 Voigt), Greek as printed by B. P. Grenfell and A. S. Hunt,
# The Oxyrhynchus Papyri, Part X (London: Egypt Exploration Fund, 1914), no. 1231, pp. 23 (lines 13-30) and 25 (lines 31-34).
# Scan: https://archive.org/details/oxyrhynchuspapyr10gren  (page 23 = scan leaf 47, page 25 = scan leaf 49;
# page images: https://archive.org/download/oxyrhynchuspapyr10gren/oxyrhynchuspapyr10gren_jp2.zip/oxyrhynchuspapyr10gren_jp2%2Foxyrhynchuspapyr10gren_0047.jp2
# and the same with _0049.jp2; the 1914 English translation is on page 40 = leaf 64).
# Typed by hand from the page images (first pass), then re-checked character by character against 2x-6x zoomed crops (second pass, 2026-10-08).
# Transcription conventions (ours): Unicode NFC; elision mark U+2019; raised stop U+00B7; G&H's angle brackets U+27E8 U+27E9;
# the dots G&H print for lost or unread letters are kept as printed, separated by single spaces.
# Public domain (Grenfell d. 1926, Hunt d. 1934). Our transcription: CC0.
# columns: line (G&H line number in col. i) <TAB> page <TAB> text
13	23	[Ο]ἰ μὲν ἰππήων στρότον οἰ δὲ πέσδων
14	23	οἰ δὲ νάων φαῖσ’ ἐπ[ὶ] γᾶν μέλαι[ν]αν
15	23	[ἔ]μμεναι κάλλιστον, ἔγω δὲ κῆν’ ὄτ-
16	23	τω τις ἔραται.
17	23	[πά]γχυ δ’ εὔμαρες σύνετον πόησαι
18	23	[π]άντι τ[ο]ῦτ’· ἀ γὰρ πόλυ περσκόπει[σ]α
19	23	[κάλ]λος [ἀνθ]ρώπων Ἐλένα [τὸ]ν ἄνδρα
20	23	[κρίννεν ἄρ]ιστον,
21	23	[ὂς τὸ πᾶν] σέβας Τροΐα[ς ὄ]λεσσ[εν,
22	23	[οὐδὲ π]αῖδος οὐδὲ φ[ί]λων το[κ]ήων
23	23	[οὐδὲν] ἐμνάσθη, ἀ[λλὰ] παράγαγ’ αὔταν
24	23	[Κύπρις ἔραι]σαν.
25	23	[. . . . εὔκ]αμπτον γὰρ [
26	23	[. . . .] . . . κούφως τ[. . . . . . ν]οήσῃ.
27	23	[τῆ]λε νῦν Ἀνακτορί[ας ὀ]νεμνά-
28	23	[σθ]η⟨ν⟩ ἀπεοίσας,
29	23	[τᾶ]ς ⟨κ⟩ε βολλοίμαν ἔρατόν τε βᾶμα
30	23	κἀμάρυ⟨γ⟩μα λάμπρον ἴδην προσώπω
31	25	ἢ τὰ Λύδων ἄρματα κἀν ὄπλοισι⟨ν⟩
32	25	[ἰππομ]άχεντας.
33	25	[εὖ μὲν ἴδ]μεν οὐ δύνατον γένεσθαι
34	25	[τοῦτ’] ἀν’ ἀνθρώπ[οις, π]εδέχην δ’ ἄρασθαι
