c_epid,year,c_epterm,c_outcome
20001,1946,1,4
20002,1949,1,3
20003,1952,1,4
20004,1967,1,3
20101,1946,0,
20101,1947,0,
20101,1948,0,
20101,1949,0,
20101,1950,0,
20101,1951,0,
20101,1952,0,
20101,1953,1,1
20201,1946,0,
20201,1947,0,
20201,1948,0,
20201,1949,1,4
20301,1946,0,
20301,1947,0,
20301,1948,0,
20301,1949,1,3
20401,1946,0,
20401,1947,0,
20401,1948,0,
20401,1949,1,1
20501,1946,1,3
20502,1966,0,
20502,1967,0,
20502,1968,1,5
20503,1979,0,
20503,1980,0,
20503,1981,0,
20503,1982,0,
20503,1983,0,
20503,1984,0,
20503,1985,0,
20503,1986,0,
20503,1987,0,
20503,1988,1,5
20504,1990,1,5
20505,1993,1,5
20506,1996,1,5
20507,2016,1,5
20508,2018,1,5
20601,1946,1,3
20701,1946,1,5
20801,1946,0,
20801,1947,0,
20801,1948,0,
20801,1949,0,
20801,1950,0,
20801,1951,0,
20801,1952,0,
20801,1953,1,4
20901,1946,0,
20901,1947,0,
20901,1948,0,
20901,1949,0,
20901,1950,0,
20901,1951,0,
20901,1952,0,
20901,1953,0,
20901,1954,1,3
20901,1969,0,
20901,1970,0,
20901,1971,0,
20901,1972,0,
20901,1973,0,
20901,1974,0,
20901,1975,0,
20901,1976,0,
20901,1977,0,
20901,1978,0,
20901,1979,0,
20901,1980,0,
20901,1981,0,
20901,1982,0,
20901,1983,0,
20901,1984,0,
20901,1985,0,
20901,1986,0,
20901,1987,0,
20901,1988,0,
20901,1989,0,
20901,1990,0,
20901,1991,0,
20901,1992,0,
20901,1993,0,
20901,1994,0,
20901,1995,1,2
20902,1997,1,2
20903,1999,0,
20903,2000,0,
20903,2001,0,
20903,2002,0,
20903,2003,0,
20903,2004,0,
20903,2005,0,
20903,2006,0,
20903,2007,0,
20903,2008,0,
20903,2009,0,
20903,2010,0,
20903,2011,0,
20903,2012,0,
20903,2013,0,
20903,2014,0,
20903,2015,0,
20903,2016,0,
20903,2017,0,
20903,2018,0,
20903,2019,0,
20903,2020,0,
20903,2021,0,
20903,2022,0,
20903,2023,0,
20903,2024,,
21001,1946,0,
21001,1947,0,
21001,1948,1,5
21101,1946,1,5
21201,1946,0,
21201,1947,0,
21201,1948,1,5
21301,1946,0,
21301,1947,0,
21301,1948,0,
21301,1949,0,
21301,1950,1,5
21401,1946,1,1
21501,1946,1,2
21601,1946,0,
21601,1947,0,
21601,1948,0,
21601,1949,0,
21601,1950,0,
21601,1951,0,
21601,1952,0,
21601,1953,0,
21601,1954,1,1
21701,1947,1,3
21801,1948,1,2
21802,1964,0,
21802,1965,1,1
21803,1971,1,1
21804,1984,1,5
21805,1987,1,5
21806,1989,0,
21806,1990,0,
21806,1991,0,
21806,1992,1,5
21807,1994,1,5
21808,1996,0,
21808,1997,0,
21808,1998,0,
21808,1999,0,
21808,2000,0,
21808,2001,0,
21808,2002,0,
21808,2003,1,2
21809,2013,0,
21809,2014,0,
21809,2015,0,
21809,2016,0,
21809,2017,0,
21809,2018,0,
21809,2019,0,
21809,2020,1,2
21901,1947,1,3
22001,1947,1,3
22002,1954,1,4
22003,1989,1,4
22101,1949,0,
22101,1950,0,
22101,1951,0,
22101,1952,0,
22101,1953,0,
22101,1954,0,
22101,1955,0,
22101,1956,0,
22101,1957,0,
22101,1958,0,
22101,1959,0,
22101,1960,0,
22101,1961,0,
22101,1962,0,
22101,1963,0,
22101,1964,0,
22101,1965,0,
22101,1966,0,
22101,1967,0,
22101,1968,0,
22101,1969,0,
22101,1970,0,
22101,1971,0,
22101,1972,0,
22101,1973,0,
22101,1974,0,
22101,1975,0,
22101,1976,0,
22101,1977,0,
22101,1978,0,
22101,1979,0,
22101,1980,0,
22101,1981,0,
22101,1982,0,
22101,1983,0,
22101,1984,0,
22101,1985,0,
22101,1986,0,
22101,1987,0,
22101,1988,0,
22101,1989,0,
22101,1990,0,
22101,1991,0,
22101,1992,1,5
22102,1994,0,
22102,1995,1,5
22103,1997,0,
22103,1998,1,5
22104,2000,0,
22104,2001,0,
22104,2002,0,
22104,2003,0,
22104,2004,0,
22104,2005,0,
22104,2006,0,
22104,2007,0,
22104,2008,0,
22104,2009,0,
22104,2010,0,
22104,2011,1,2
22105,2013,1,5
22106,2021,0,
22106,2022,0,
22106,2023,0,
22106,2024,,
22201,1948,0,
22201,1949,0,
22201,1950,0,
22201,1951,0,
22201,1952,0,
22201,1953,0,
22201,1954,0,
22201,1955,0,
22201,1956,0,
22201,1957,0,
22201,1958,0,
22201,1959,0,
22201,1960,0,
22201,1961,0,
22201,1962,0,
22201,1963,0,
22201,1964,0,
22201,1965,0,
22201,1966,0,
22201,1967,0,
22201,1968,0,
22201,1969,0,
22201,1970,0,
22201,1971,0,
22201,1972,0,
22201,1973,0,
22201,1974,0,
22201,1975,0,
22201,1976,0,
22201,1977,0,
22201,1978,0,
22201,1979,0,
22201,1980,0,
22201,1981,0,
22201,1982,0,
22201,1983,0,
22201,1984,0,
22201,1985,0,
22201,1986,0,
22201,1987,0,
22201,1988,1,6
22202,1990,0,
22202,1991,0,
22202,1992,1,5
22203,1994,1,5
22204,2013,0,
22204,2014,0,
22204,2015,1,5
22205,2017,0,
22205,2018,0,
22205,2019,1,5
22206,2021,0,
22206,2022,0,
22206,2023,0,
22206,2024,,
22301,1948,0,
22301,1949,0,
22301,1950,0,
22301,1951,0,
22301,1952,0,
22301,1953,0,
22301,1954,0,
22301,1955,0,
22301,1956,0,
22301,1957,0,
22301,1958,0,
22301,1959,0,
22301,1960,0,
22301,1961,1,3
22302,1964,0,
22302,1965,0,
22302,1966,0,
22302,1967,0,
22302,1968,0,
22302,1969,0,
22302,1970,0,
22302,1971,0,
22302,1972,0,
22302,1973,0,
22302,1974,0,
22302,1975,0,
22302,1976,0,
22302,1977,0,
22302,1978,1,5
22303,1991,1,5
22304,1994,1,5
22305,2016,0,
22305,2017,0,
22305,2018,0,
22305,2019,0,
22305,2020,1,2
22306,2022,0,
22306,2023,0,
22306,2024,,
22401,1949,0,
22401,1950,0,
22401,1951,0,
22401,1952,0,
22401,1953,0,
22401,1954,0,
22401,1955,0,
22401,1956,0,
22401,1957,0,
22401,1958,0,
22401,1959,0,
22401,1960,0,
22401,1961,0,
22401,1962,0,
22401,1963,1,5
22402,1990,1,5
22403,1996,1,3
22501,1948,1,4
22601,1948,1,4
22701,1948,0,
22701,1949,0,
22701,1950,0,
22701,1951,1,5
22702,1969,0,
22702,1970,0,
22702,1971,1,3
22703,1991,0,
22703,1992,0,
22703,1993,0,
22703,1994,1,5
22704,1996,0,
22704,1997,0,
22704,1998,0,
22704,1999,0,
22704,2000,0,
22704,2001,0,
22704,2002,0,
22704,2003,0,
22704,2004,0,
22704,2005,0,
22704,2006,0,
22704,2007,0,
22704,2008,0,
22704,2009,0,
22704,2010,0,
22704,2011,0,
22704,2012,0,
22704,2013,0,
22704,2014,0,
22704,2015,0,
22704,2016,0,
22704,2017,0,
22704,2018,0,
22704,2019,0,
22704,2020,0,
22704,2021,0,
22704,2022,0,
22704,2023,0,
22704,2024,,
22801,1948,0,
22801,1949,1,2
22901,1948,0,
22901,1949,0,
22901,1950,0,
22901,1951,0,
22901,1952,0,
22901,1953,0,
22901,1954,0,
22901,1955,0,
22901,1956,0,
22901,1957,1,6
23001,1948,1,4
23001,1962,0,
23001,1963,0,
23001,1964,0,
23001,1965,0,
23001,1966,0,
23001,1967,0,
23001,1968,0,
23001,1969,0,
23001,1970,0,
23002,1979,0,
23002,1980,0,
23002,1981,0,
23002,1982,0,
23003,2009,0,
23003,2010,0,
23003,2011,0,
23003,2012,0,
23003,2013,0,
23003,2014,0,
23003,2015,0,
23003,2016,0,
23003,2017,0,
23003,2018,0,
23003,2019,0,
23003,2020,0,
23003,2021,0,
23003,2022,0,
23003,2023,0,
23003,2024,,
23101,1949,0,
23101,1950,1,3
23102,1961,0,
23102,1962,0,
23102,1963,0,
23102,1964,0,
23102,1965,0,
23102,1966,0,
23102,1967,0,
23102,1968,0,
23102,1969,0,
23102,1970,0,
23102,1971,0,
23102,1972,0,
23102,1973,0,
23102,1974,0,
23102,1975,0,
23102,1976,0,
23102,1977,0,
23102,1978,0,
23102,1979,0,
23102,1980,0,
23102,1981,0,
23102,1982,0,
23102,1983,0,
23102,1984,0,
23102,1985,0,
23102,1986,0,
23102,1987,0,
23102,1988,0,
23102,1989,0,
23102,1990,0,
23102,1991,0,
23102,1992,1,2
23103,2011,0,
23103,2012,0,
23103,2013,0,
23103,2014,0,
23103,2015,0,
23103,2016,0,
23103,2017,0,
23103,2018,0,
23103,2019,1,5
23104,2021,0,
23104,2022,0,
23104,2023,0,
23104,2024,,
23201,1949,0,
23201,1950,1,5
23202,1954,1,5
23203,1958,1,5
23301,1949,1,3
23302,1954,1,4
23303,1963,1,5
23304,1965,0,
23304,1966,0,
23304,1967,0,
23304,1968,0,
23304,1969,0,
23304,1970,0,
23304,1971,0,
23304,1972,0,
23304,1973,0,
23304,1974,0,
23304,1975,0,
23304,1976,0,
23304,1977,0,
23304,1978,0,
23304,1979,0,
23304,1980,0,
23304,1981,0,
23304,1982,0,
23304,1983,0,
23304,1984,0,
23304,1985,0,
23304,1986,0,
23304,1987,0,
23304,1988,0,
23304,1989,0,
23304,1990,0,
23304,1991,0,
23304,1992,0,
23304,1993,0,
23304,1994,0,
23304,1995,1,1
23401,1949,0,
23401,1950,0,
23401,1951,0,
23401,1952,0,
23401,1953,0,
23401,1954,0,
23401,1955,0,
23401,1956,0,
23401,1957,0,
23401,1958,0,
23401,1959,0,
23401,1960,0,
23401,1961,0,
23401,1962,0,
23401,1963,0,
23401,1964,0,
23401,1965,0,
23401,1966,0,
23401,1967,0,
23401,1968,0,
23401,1969,0,
23401,1970,0,
23401,1971,0,
23401,1972,0,
23401,1973,0,
23401,1974,0,
23401,1975,0,
23401,1976,0,
23401,1977,0,
23401,1978,0,
23401,1979,0,
23401,1980,0,
23401,1981,0,
23401,1982,0,
23401,1983,0,
23401,1984,0,
23401,1985,0,
23401,1986,0,
23401,1987,0,
23401,1988,0,
23401,1989,0,
23401,1990,0,
23401,1991,0,
23401,1992,0,
23401,1993,0,
23401,1994,1,5
23401,1995,0,
23401,1996,0,
23402,2000,0,
23402,2001,0,
23402,2002,0,
23402,2003,0,
23402,2004,0,
23402,2005,0,
23402,2006,0,
23402,2007,0,
23402,2008,0,
23402,2009,0,
23402,2010,0,
23402,2011,0,
23402,2012,0,
23403,2014,0,
23404,2018,0,
23404,2019,0,
23404,2021,0,
23404,2022,0,
23404,2023,0,
23404,2024,,
23501,1949,0,
23501,1950,0,
23501,1951,0,
23501,1952,0,
23501,1953,1,2
23601,1950,1,3
23602,1956,1,5
23603,1959,1,3
23701,1950,1,3
23801,1950,1,3
23901,1951,0,
23901,1952,1,5
24001,1951,1,3
24002,1974,0,
24002,1975,0,
24002,1976,0,
24002,1977,0,
24002,1978,0,
24002,1979,0,
24002,1980,0,
24002,1981,0,
24002,1982,1,5
24101,1952,0,
24101,1953,0,
24101,1954,0,
24101,1955,0,
24101,1956,1,3
24201,1953,1,3
24202,1956,0,
24202,1957,0,
24202,1958,1,4
24203,1961,1,3
24301,1953,1,5
24302,1958,0,
24302,1959,0,
24302,1960,0,
24302,1961,1,2
24401,1953,0,
24401,1954,0,
24401,1955,0,
24401,1956,1,1
24501,1953,0,
24501,1954,0,
24501,1955,0,
24501,1956,1,6
24601,1954,0,
24601,1955,0,
24601,1956,0,
24601,1957,0,
24601,1958,0,
24601,1959,0,
24601,1960,0,
24601,1961,0,
24601,1962,1,1
24701,1955,0,
24702,1963,1,3
24703,1974,0,
24703,1975,0,
24703,1976,0,
24703,1977,0,
24801,1955,0,
24801,1956,0,
24801,1957,0,
24801,1958,0,
24801,1959,1,1
24901,1955,0,
24901,1956,0,
24901,1957,0,
24901,1958,0,
24901,1959,0,
24901,1960,0,
24901,1961,0,
24901,1962,0,
24901,1963,0,
24901,1964,1,6
25001,1956,1,4
25101,1956,0,
25101,1957,0,
25101,1958,0,
25101,1959,1,5
25102,1961,0,
25102,1962,0,
25102,1963,0,
25102,1964,0,
25102,1965,0,
25102,1966,0,
25102,1967,0,
25102,1968,1,5
25103,1992,0,
25103,1993,0,
25103,1994,0,
25103,1995,0,
25103,1996,0,
25103,1997,1,2
25104,2000,1,2
25201,1956,1,2
25301,1957,1,5
25302,1987,1,5
25303,1992,1,5
25304,1996,1,5
25305,2005,1,5
25306,2021,0,
25306,2022,0,
25306,2023,0,
25306,2024,,
25401,1957,0,
25401,1958,0,
25401,1959,1,6
25501,1957,1,1
25601,1957,0,
25601,1958,1,3
25701,1957,0,
25701,1958,1,3
25801,1957,1,3
25901,1958,0,
25901,1959,1,3
25902,1963,0,
25903,1982,0,
25903,1983,0,
25903,1984,1,5
25904,1987,1,5
25905,1991,0,
25905,1992,0,
25905,1993,0,
25905,1994,0,
25905,1995,0,
25905,1996,1,5
25906,2004,0,
25906,2005,0,
25906,2006,0,
25906,2007,0,
25906,2008,0,
25906,2009,0,
25906,2010,0,
25906,2011,0,
25906,2012,0,
25906,2013,0,
25906,2014,0,
25906,2015,0,
25906,2016,0,
25906,2017,0,
25906,2018,0,
25906,2019,0,
25906,2020,0,
25906,2021,0,
25906,2022,0,
25906,2023,0,
25906,2024,,
26001,1958,1,1
26002,1975,0,
26002,1976,0,
26003,1982,0,
26003,1983,0,
26003,1984,0,
26003,1985,0,
26003,1986,0,
26004,1989,0,
26004,1990,1,3
26101,1958,0,
26101,1959,0,
26101,1960,1,3
26102,1974,0,
26102,1975,1,5
26103,1981,1,5
26201,1959,0,
26201,1960,0,
26201,1961,1,1
26202,1963,0,
26202,1964,0,
26202,1965,0,
26202,1966,0,
26202,1967,0,
26202,1968,0,
26202,1969,0,
26202,1970,0,
26202,1971,0,
26202,1972,0,
26202,1973,1,1
26203,1989,0,
26203,1990,1,3
26301,1961,0,
26301,1962,0,
26301,1963,0,
26301,1964,0,
26301,1965,0,
26301,1966,0,
26301,1967,0,
26301,1968,0,
26301,1969,0,
26301,1970,0,
26301,1971,0,
26301,1972,0,
26301,1973,0,
26301,1974,0,
26401,1959,0,
26401,1960,0,
26401,1961,0,
26401,1962,0,
26401,1963,0,
26401,1964,0,
26401,1965,0,
26401,1966,0,
26401,1967,0,
26401,1968,0,
26401,1969,0,
26401,1970,0,
26402,1972,0,
26402,1973,1,5
26403,1976,0,
26403,1977,0,
26403,1978,0,
26403,1979,0,
26403,1980,0,
26403,1981,0,
26403,1982,0,
26403,1983,0,
26403,1984,0,
26403,1985,0,
26403,1986,0,
26403,1987,0,
26403,1988,1,5
26404,1993,0,
26404,1994,0,
26404,1995,0,
26404,1996,0,
26404,1997,0,
26404,1998,0,
26404,1999,0,
26404,2000,0,
26404,2001,0,
26404,2002,1,5
26405,2005,0,
26405,2006,0,
26405,2007,0,
26405,2008,0,
26405,2009,0,
26405,2010,0,
26405,2011,0,
26406,2013,0,
26407,2015,1,5
26501,1961,0,
26501,1962,1,3
26502,2013,0,
26502,2014,1,5
26503,2020,1,5
26601,1960,0,
26601,1961,0,
26601,1962,1,3
26701,1960,1,3
26702,1976,0,
26702,1977,0,
26702,1978,0,
26702,1979,0,
26702,1980,0,
26702,1981,0,
26702,1982,0,
26702,1983,0,
26702,1984,0,
26702,1985,0,
26702,1986,0,
26702,1987,0,
26702,1988,0,
26702,1989,0,
26702,1990,0,
26702,1991,0,
26703,2020,0,
26703,2021,0,
26703,2022,0,
26801,1964,1,2
26802,1977,0,
26802,1978,1,3
26803,1980,1,3
26901,1960,0,
26901,1961,0,
26901,1962,1,2
26902,1996,0,
26902,1997,0,
26902,1998,0,
26902,1999,0,
26902,2000,0,
26902,2001,0,
26902,2002,0,
26902,2003,0,
26902,2004,0,
26902,2005,0,
26902,2006,1,1
27001,1961,0,
27001,1962,1,3
27101,1961,0,
27101,1962,0,
27101,1963,0,
27101,1964,0,
27101,1965,0,
27101,1966,0,
27101,1967,0,
27101,1968,0,
27101,1969,0,
27101,1970,1,1
27102,1973,0,
27102,1974,0,
27102,1975,0,
27102,1976,0,
27102,1977,0,
27102,1978,0,
27102,1979,0,
27102,1980,0,
27102,1981,0,
27102,1982,0,
27102,1983,0,
27102,1984,0,
27102,1985,0,
27102,1986,0,
27102,1987,0,
27102,1988,0,
27102,1989,0,
27102,1990,0,
27102,1991,0,
27102,1992,1,5
27103,1995,0,
27103,1996,1,5
27201,1961,1,1
27301,1962,1,3
27401,1962,1,3
27402,1967,1,4
27403,2020,1,2
27501,1964,0,
27501,1965,0,
27501,1966,0,
27501,1967,0,
27501,1968,0,
27501,1969,0,
27501,1970,0,
27501,1971,0,
27501,1972,0,
27501,1973,0,
27501,1974,0,
27501,1975,0,
27501,1976,0,
27501,1977,0,
27501,1978,0,
27501,1979,0,
27501,1980,0,
27501,1981,0,
27501,1982,0,
27501,1983,0,
27501,1984,0,
27501,1985,0,
27501,1986,0,
27501,1987,0,
27501,1988,0,
27501,1989,0,
27501,1990,0,
27501,1991,1,4
27601,1962,1,1
27701,1962,1,3
27702,1982,1,3
27703,1992,1,3
27801,1963,1,1
27901,1963,0,
27901,1964,0,
27901,1965,0,
27901,1966,0,
27901,1967,0,
27901,1968,0,
27901,1969,0,
27901,1970,0,
27901,1971,0,
27901,1972,0,
27901,1973,1,1
28001,1963,0,
28001,1964,0,
28001,1965,0,
28001,1966,1,5
28101,1963,0,
28101,1964,0,
28101,1965,0,
28101,1966,1,1
28201,1963,0,
28201,1964,0,
28201,1965,0,
28201,1966,0,
28201,1967,0,
28201,1968,0,
28201,1969,0,
28201,1970,0,
28201,1971,0,
28201,1972,1,1
28301,1964,0,
28301,1965,1,3
28302,1967,1,3
28303,1977,0,
28303,1978,1,3
28304,1996,0,
28304,1997,0,
28304,1998,0,
28304,1999,0,
28304,2000,0,
28304,2001,1,1
28305,2005,0,
28305,2006,0,
28305,2007,0,
28305,2008,0,
28306,2011,0,
28306,2012,0,
28306,2013,0,
28306,2014,0,
28307,2016,0,
28307,2017,0,
28307,2018,0,
28307,2019,0,
28307,2020,0,
28307,2021,0,
28307,2022,0,
28307,2023,0,
28307,2024,,
28401,1964,1,3
28501,1964,0,
28501,1965,0,
28501,1966,0,
28501,1967,0,
28501,1968,0,
28501,1969,0,
28501,1970,0,
28501,1971,0,
28501,1972,0,
28501,1973,0,
28501,1974,1,1
28601,1964,0,
28601,1965,0,
28601,1966,0,
28601,1967,1,1
28701,1965,1,3
28702,1991,0,
28702,1992,1,5
28703,1994,0,
28703,1995,0,
28703,1996,0,
28703,1997,0,
28703,1998,0,
28703,1999,0,
28703,2000,0,
28703,2001,0,
28703,2002,0,
28703,2003,0,
28703,2004,0,
28703,2005,0,
28703,2006,1,1
28704,2008,1,1
28705,2014,0,
28705,2015,0,
28706,2019,0,
28706,2020,0,
28706,2021,0,
28706,2022,0,
28706,2023,0,
28706,2024,,
28801,1966,0,
28801,1967,0,
28801,1968,0,
28801,1969,0,
28801,1970,0,
28801,1971,0,
28801,1972,1,3
28802,1976,0,
28802,1977,0,
28802,1978,0,
28802,1979,0,
28802,1980,0,
28802,1981,0,
28802,1982,0,
28802,1983,0,
28802,1984,1,5
28803,1986,0,
28803,1987,1,2
28804,1989,0,
28804,1990,0,
28804,1991,0,
28804,1992,0,
28804,1993,0,
28804,1994,0,
28805,1997,0,
28805,1998,0,
28805,1999,0,
28805,2000,0,
28805,2001,0,
28805,2002,0,
28805,2003,1,5
28806,2005,0,
28806,2006,0,
28806,2007,0,
28806,2008,0,
28806,2009,0,
28806,2010,1,5
28807,2018,1,5
28808,2020,0,
28808,2021,1,5
28809,2023,1,5
28901,1964,0,
28901,1965,0,
28901,1966,0,
28901,1967,0,
28901,1968,0,
28901,1969,0,
28901,1970,0,
28901,1971,0,
28901,1972,0,
28901,1973,0,
28901,1974,0,
28901,1975,0,
28901,1976,0,
28901,1977,0,
28901,1978,0,
28901,1979,0,
28901,1980,0,
28901,1981,0,
28901,1982,0,
28901,1983,0,
28901,1984,0,
28901,1985,0,
28901,1986,0,
28901,1987,0,
28901,1988,0,
28901,1989,0,
28901,1990,0,
28901,1991,0,
28901,1992,0,
28901,1993,0,
28901,1994,0,
28901,1995,0,
28901,1996,0,
28901,1997,0,
28901,1998,0,
28901,1999,0,
28901,2000,0,
28901,2001,0,
28901,2002,0,
28901,2003,0,
28901,2004,0,
28901,2005,0,
28901,2006,0,
28901,2007,0,
28901,2008,0,
28901,2009,0,
28901,2010,0,
28901,2011,0,
28901,2012,0,
28901,2013,0,
28901,2014,0,
28901,2015,0,
28901,2016,1,2
28902,2018,0,
28902,2019,0,
28902,2020,0,
28902,2021,0,
28902,2022,0,
28902,2023,0,
28902,2024,,
29001,1965,1,5
29101,1965,1,5
29102,1967,0,
29102,1968,0,
29102,1969,1,5
29103,1976,0,
29103,1977,0,
29103,1978,1,5
29104,1981,1,5
29105,1984,1,3
29106,2018,0,
29106,2019,0,
29106,2020,0,
29106,2021,0,
29106,2022,0,
29106,2023,0,
29106,2024,,
29201,1965,0,
29202,1982,0,
29202,1983,0,
29202,1984,0,
29202,1985,0,
29202,1986,0,
29202,1987,0,
29202,1988,0,
29202,1989,0,
29202,1990,0,
29202,1991,0,
29202,1992,0,
29202,1993,0,
29202,1994,0,
29202,1995,0,
29202,1996,0,
29202,1997,0,
29202,1998,0,
29202,1999,1,5
29203,2007,0,
29203,2008,0,
29203,2009,0,
29203,2010,1,2
29301,1965,0,
29301,1966,0,
29301,1967,0,
29301,1968,0,
29301,1969,0,
29301,1970,0,
29301,1971,0,
29301,1972,0,
29301,1973,0,
29301,1974,0,
29301,1975,1,4
29401,1977,0,
29401,1978,1,5
29402,2011,1,5
29501,1966,1,4
29502,1981,1,4
29503,1983,1,3
29601,1966,0,
29601,1967,0,
29601,1968,1,5
29701,1966,1,4
29702,2009,1,5
29703,2011,0,
29703,2012,0,
29703,2013,0,
29703,2014,0,
29703,2015,0,
29703,2016,0,
29703,2017,0,
29703,2018,0,
29703,2019,0,
29703,2020,0,
29703,2021,0,
29703,2022,0,
29703,2023,0,
29703,2024,,
29801,1966,0,
29801,1967,0,
29801,1968,0,
29801,1969,0,
29801,1970,0,
29801,1971,0,
29801,1972,0,
29801,1973,0,
29801,1974,0,
29801,1975,0,
29801,1976,0,
29801,1977,0,
29801,1978,0,
29801,1979,0,
29801,1980,0,
29801,1981,0,
29801,1982,0,
29801,1983,0,
29801,1984,0,
29801,1985,0,
29801,1986,0,
29801,1987,0,
29801,1988,0,
29801,1989,1,1
29901,1966,1,4
29902,1979,0,
29902,1980,0,
29902,1981,0,
29902,1982,1,3
29903,2011,0,
29903,2012,0,
29903,2013,0,
29903,2014,0,
29903,2015,0,
29903,2016,0,
29903,2017,0,
29903,2018,0,
29903,2019,0,
29903,2020,0,
29903,2021,0,
29903,2022,0,
29903,2023,0,
29903,2024,,
30001,1967,0,
30001,1968,0,
30001,1969,0,
30001,1970,0,
30001,1971,0,
30001,1972,0,
30001,1973,0,
30001,1974,0,
30001,1975,1,4
30002,1978,0,
30002,1979,0,
30002,1980,0,
30002,1981,0,
30002,1982,0,
30002,1983,0,
30002,1984,0,
30002,1985,0,
30002,1986,0,
30002,1987,0,
30002,1988,0,
30002,1989,0,
30002,1990,0,
30002,1991,0,
30002,1992,0,
30002,1993,0,
30002,1994,0,
30002,1995,0,
30002,1996,0,
30002,1997,0,
30002,1998,0,
30101,1967,1,3
30201,1967,1,3
30202,1973,1,2
30301,1967,0,
30301,1968,0,
30301,1969,0,
30301,1970,1,3
30302,2021,0,
30302,2022,0,
30302,2023,0,
30302,2024,,
30401,1969,1,5
30501,1969,1,5
30601,1969,1,2
30701,2000,0,
30701,2001,1,5
30801,1970,0,
30801,1971,0,
30801,1972,0,
30801,1973,0,
30801,1974,0,
30801,1975,0,
30801,1976,0,
30801,1977,0,
30801,1978,0,
30801,1979,0,
30801,1980,0,
30801,1981,0,
30801,1982,0,
30801,1983,0,
30801,1984,0,
30801,1985,0,
30801,1986,0,
30801,1987,0,
30801,1988,0,
30801,1989,0,
30801,1990,0,
30802,1993,0,
30802,1994,0,
30802,1995,0,
30802,1996,0,
30802,1997,0,
30802,1998,0,
30802,1999,0,
30802,2000,0,
30802,2001,0,
30802,2002,0,
30802,2003,0,
30802,2004,0,
30802,2005,0,
30802,2006,0,
30802,2007,0,
30802,2008,0,
30802,2009,0,
30802,2010,0,
30802,2011,0,
30802,2012,0,
30802,2013,0,
30802,2014,0,
30802,2015,0,
30802,2016,0,
30802,2017,0,
30802,2018,0,
30802,2019,0,
30802,2020,1,5
30901,1971,1,3
30902,1976,1,3
30903,1983,0,
30903,1984,0,
30903,1985,0,
30903,1986,0,
30903,1987,0,
30903,1988,0,
30903,1989,0,
30903,1990,0,
30903,1991,0,
30903,1992,0,
30903,1993,0,
30903,1994,0,
30903,1995,0,
30903,1996,0,
30903,1997,0,
30903,1998,0,
30903,1999,0,
30903,2000,0,
30903,2001,0,
30903,2002,0,
30903,2003,0,
30903,2004,0,
30903,2005,0,
30903,2006,0,
30903,2007,0,
30903,2008,0,
30903,2009,0,
30903,2010,0,
30903,2011,0,
30903,2012,0,
30903,2013,0,
30903,2014,0,
30903,2015,0,
30903,2016,0,
30903,2017,0,
30903,2018,1,5
30904,2020,0,
30904,2021,0,
30904,2022,0,
30904,2023,0,
30904,2024,,
31001,1971,1,3
31101,1971,1,3
31201,1971,1,4
31301,1971,1,3
31302,1989,0,
31302,1990,1,3
31401,1971,0,
31401,1972,1,3
31402,1974,1,3
31403,1979,0,
31403,1980,0,
31403,1981,0,
31403,1982,0,
31403,1983,0,
31403,1984,0,
31403,1985,0,
31403,1986,0,
31403,1987,0,
31403,1988,0,
31403,1989,0,
31403,1990,0,
31403,1991,0,
31403,1992,0,
31404,1994,0,
31404,1995,0,
31404,1996,0,
31404,1997,0,
31404,1998,0,
31404,1999,0,
31404,2000,0,
31404,2001,0,
31404,2002,0,
31404,2003,0,
31404,2004,0,
31404,2005,0,
31404,2006,0,
31404,2007,0,
31404,2008,0,
31404,2009,0,
31404,2010,0,
31404,2011,0,
31405,2013,0,
31405,2014,0,
31405,2015,0,
31405,2016,0,
31405,2017,1,6
31501,1971,0,
31501,1972,0,
31501,1973,0,
31501,1974,0,
31501,1975,0,
31501,1976,0,
31501,1977,0,
31501,1978,0,
31501,1979,0,
31501,1980,0,
31501,1981,0,
31501,1982,0,
31501,1983,0,
31501,1984,0,
31501,1985,0,
31501,1986,0,
31501,1987,0,
31501,1988,0,
31501,1989,0,
31501,1990,0,
31501,1991,1,5
31502,1998,1,2
31601,1972,1,3
31602,1979,0,
31602,1980,0,
31602,1981,0,
31602,1982,0,
31602,1983,0,
31602,1984,0,
31602,1985,0,
31602,1986,0,
31602,1987,0,
31602,1988,0,
31602,1989,0,
31602,1990,0,
31602,1991,1,1
31701,1969,0,
31701,1970,0,
31701,1971,0,
31701,1972,0,
31701,1973,0,
31701,1974,0,
31701,1975,0,
31801,1967,0,
31801,1968,0,
31802,1973,0,
31802,1974,0,
31802,1975,0,
31802,1976,0,
31802,1977,0,
31802,1978,0,
31802,1979,1,1
31901,1972,1,3
32001,1972,1,1
32002,1979,1,2
32101,1973,1,4
32201,1975,0,
32201,1976,0,
32201,1977,0,
32201,1978,0,
32201,1979,0,
32201,1980,0,
32201,1981,0,
32201,1982,0,
32201,1983,0,
32201,1984,0,
32201,1985,0,
32201,1986,0,
32201,1987,0,
32201,1988,0,
32201,1989,0,
32201,1990,0,
32201,1991,1,2
32301,1974,1,2
32401,1974,1,1
32402,1980,0,
32402,1981,0,
32402,1982,0,
32402,1983,0,
32402,1984,0,
32402,1985,0,
32402,1986,0,
32402,1987,0,
32402,1988,1,2
32501,1974,0,
32501,1975,0,
32501,1976,0,
32501,1977,1,2
32502,2004,1,5
32503,2006,0,
32503,2007,0,
32503,2008,0,
32503,2009,0,
32504,2011,0,
32504,2012,0,
32504,2013,0,
32504,2014,0,
32504,2015,0,
32504,2016,0,
32505,2019,0,
32505,2020,0,
32505,2021,0,
32505,2022,0,
32505,2023,0,
32505,2024,,
32601,1997,1,5
32602,1999,1,5
32603,2003,1,5
32701,1975,0,
32701,1976,0,
32701,1977,0,
32701,1978,0,
32701,1979,0,
32701,1980,0,
32701,1981,0,
32701,1982,0,
32701,1983,0,
32701,1984,0,
32701,1985,0,
32701,1986,0,
32701,1987,0,
32701,1988,0,
32701,1989,0,
32701,1990,0,
32701,1991,0,
32701,1992,0,
32701,1993,0,
32701,1994,0,
32701,1995,1,5
32702,1998,0,
32702,1999,0,
32702,2000,0,
32702,2001,0,
32702,2002,1,1
32801,1975,0,
32801,1976,0,
32801,1977,1,5
32901,1964,1,3
32902,1976,0,
32902,1977,0,
32902,1978,0,
32902,1979,0,
32902,1980,0,
32902,1981,0,
32902,1982,0,
32902,1983,1,3
32903,1993,0,
32903,1994,1,5
32904,1996,0,
32905,1998,0,
32905,1999,0,
32905,2000,0,
32905,2001,0,
32905,2002,0,
32905,2003,0,
32905,2004,0,
32905,2005,0,
32905,2006,0,
32905,2007,0,
32905,2008,0,
32905,2009,0,
32905,2010,0,
32905,2011,0,
32905,2012,0,
32905,2013,0,
32905,2014,0,
32905,2015,0,
32905,2016,1,5
33001,1975,0,
33001,1976,0,
33001,1977,0,
33001,1978,0,
33001,1979,0,
33001,1980,0,
33001,1981,0,
33001,1982,0,
33001,1983,0,
33001,1984,0,
33001,1985,0,
33001,1986,0,
33001,1987,0,
33001,1988,1,5
33002,1992,1,5
33003,1997,0,
33003,1998,0,
33003,1999,1,1
33101,1975,0,
33101,1976,0,
33101,1977,0,
33101,1978,0,
33101,1979,0,
33101,1980,0,
33101,1981,0,
33101,1982,0,
33101,1983,0,
33101,1984,0,
33101,1985,0,
33101,1986,0,
33101,1987,0,
33101,1988,0,
33101,1989,1,5
33201,1977,0,
33201,1978,0,
33201,1979,0,
33201,1980,0,
33201,1981,0,
33201,1982,0,
33201,1983,0,
33201,1984,0,
33201,1985,0,
33201,1986,0,
33201,1987,0,
33201,1988,0,
33201,1989,0,
33201,1990,0,
33201,1991,0,
33201,1992,1,1
33202,2013,0,
33202,2014,1,1
33203,2016,1,2
33204,2018,0,
33204,2019,1,5
33301,1978,0,
33301,1979,0,
33301,1980,0,
33301,1981,0,
33301,1982,0,
33301,1983,0,
33301,1984,0,
33301,1985,0,
33301,1986,0,
33301,1987,0,
33301,1988,0,
33301,1989,0,
33301,1990,0,
33301,1991,0,
33301,1992,0,
33301,1993,0,
33301,1994,0,
33301,1995,0,
33301,1996,0,
33301,1997,0,
33301,1998,0,
33301,1999,0,
33301,2000,0,
33301,2001,0,
33301,2002,0,
33301,2003,0,
33301,2004,0,
33301,2005,0,
33301,2006,0,
33301,2007,0,
33301,2008,0,
33301,2009,0,
33301,2010,0,
33301,2011,0,
33301,2012,0,
33301,2013,0,
33301,2014,0,
33301,2015,0,
33301,2016,0,
33301,2017,0,
33301,2018,0,
33301,2019,0,
33301,2020,0,
33301,2021,0,
33301,2022,0,
33301,2023,0,
33301,2024,,
33401,1974,1,3
33402,1978,0,
33402,1979,0,
33402,1980,0,
33402,1981,1,4
33403,1983,0,
33403,1984,1,5
33404,1986,0,
33404,1987,0,
33404,1988,1,5
33501,1979,0,
33501,1980,0,
33501,1981,0,
33501,1982,0,
33501,1983,0,
33501,1984,0,
33501,1985,0,
33501,1986,0,
33501,1987,0,
33501,1988,1,1
33502,1992,1,1
33503,1997,0,
33504,1999,0,
33504,2000,0,
33504,2001,0,
33504,2002,0,
33504,2003,0,
33504,2004,1,5
33601,1977,0,
33601,1978,0,
33601,1979,1,4
33602,1982,0,
33602,1983,0,
33602,1984,0,
33602,1985,0,
33602,1986,0,
33602,1987,0,
33602,1988,0,
33602,1989,0,
33602,1990,1,2
33701,1982,0,
33701,1983,0,
33701,1984,0,
33702,1986,0,
33702,1987,0,
33702,1988,0,
33702,1989,0,
33702,1990,0,
33702,1991,0,
33702,1992,0,
33702,1993,0,
33702,1994,0,
33702,1995,0,
33702,1996,1,6
33703,2001,0,
33703,2002,1,6
33704,2006,0,
33704,2007,0,
33704,2008,0,
33704,2009,0,
33704,2010,0,
33704,2011,0,
33704,2012,0,
33704,2013,0,
33704,2014,0,
33704,2015,0,
33704,2016,0,
33704,2017,0,
33704,2018,0,
33704,2019,0,
33704,2020,0,
33704,2021,0,
33704,2022,0,
33704,2023,0,
33704,2024,,
33801,1979,0,
33801,1980,0,
33801,1981,0,
33801,1982,1,5
33802,1986,0,
33802,1987,0,
33802,1988,1,3
33803,1991,1,5
33804,1993,1,5
33805,1997,1,5
33806,1999,0,
33806,2000,0,
33806,2001,1,5
33807,2005,0,
33807,2006,0,
33807,2007,0,
33807,2008,0,
33807,2009,0,
33807,2010,0,
33807,2011,1,2
33808,2018,0,
33808,2019,0,
33808,2020,0,
33808,2021,1,5
33809,2023,0,
33809,2024,,
33901,1979,0,
33901,1980,1,5
34001,1979,1,3
34101,1980,1,4
34102,1989,0,
34102,1990,0,
34103,2000,0,
34103,2001,0,
34103,2002,0,
34103,2003,0,
34201,1978,0,
34201,1979,0,
34201,1980,0,
34201,1981,0,
34201,1982,1,5
34202,1985,0,
34202,1986,0,
34202,1987,1,2
34203,1991,1,5
34301,1980,1,3
34302,2013,0,
34302,2014,0,
34302,2015,0,
34401,1981,1,3
34501,1981,0,
34501,1982,0,
34501,1983,1,5
34502,1985,0,
34502,1986,0,
34502,1987,0,
34502,1988,1,5
34601,1982,1,4
34701,1982,0,
34701,1983,0,
34701,1984,0,
34701,1985,0,
34701,1986,0,
34701,1987,0,
34701,1988,1,5
34702,1993,0,
34702,1994,0,
34702,1995,0,
34702,1996,1,2
34703,1998,0,
34703,1999,0,
34703,2000,0,
34704,2003,0,
34704,2004,0,
34704,2005,0,
34704,2006,0,
34704,2007,0,
34704,2008,0,
34704,2009,0,
34801,1982,1,3
34901,1983,1,2
35001,1983,1,4
35101,1983,0,
35101,1984,0,
35101,1985,0,
35101,1986,0,
35101,1987,0,
35101,1988,0,
35101,1989,0,
35101,1990,0,
35101,1991,0,
35101,1992,0,
35101,1993,1,5
35201,1984,0,
35201,1985,0,
35201,1986,0,
35201,1987,0,
35201,1988,0,
35201,1989,0,
35201,1990,0,
35201,1991,0,
35201,1992,0,
35201,1993,0,
35201,1994,0,
35201,1995,0,
35201,1996,0,
35201,1997,0,
35201,1998,0,
35201,1999,0,
35201,2000,0,
35201,2001,1,2
35202,2003,1,5
35203,2005,0,
35203,2006,0,
35203,2007,0,
35203,2008,0,
35203,2009,1,3
35301,1960,0,
35301,1961,1,5
35302,1984,1,3
35303,2015,0,
35303,2016,0,
35303,2017,1,5
35304,2020,1,5
35305,2022,0,
35305,2023,0,
35305,2024,,
35401,1984,0,
35401,1985,0,
35401,1986,0,
35401,1987,0,
35401,1988,0,
35401,1989,0,
35401,1990,0,
35401,1991,0,
35401,1992,0,
35401,1993,0,
35401,1994,0,
35401,1995,0,
35401,1996,0,
35401,1997,0,
35401,1998,0,
35401,1999,0,
35401,2000,0,
35401,2001,0,
35401,2002,0,
35401,2003,0,
35401,2004,0,
35401,2005,0,
35401,2006,0,
35401,2007,0,
35401,2008,0,
35401,2009,0,
35401,2010,0,
35401,2011,0,
35401,2012,0,
35401,2013,1,2
35402,2015,0,
35402,2016,0,
35402,2017,0,
35402,2018,0,
35402,2019,0,
35402,2020,0,
35402,2021,0,
35402,2022,0,
35402,2023,0,
35402,2024,,
35501,1985,1,1
35601,1986,0,
35601,1987,0,
35601,1988,1,2
35701,1987,1,2
35801,1986,1,3
35802,2022,0,
35802,2023,0,
35802,2024,,
35901,1986,1,4
36001,1987,1,4
36002,2018,0,
36002,2019,0,
36002,2020,0,
36002,2021,0,
36002,2022,0,
36002,2023,0,
36002,2024,,
36101,1987,1,2
36201,1989,1,4
36301,1975,0,
36301,1976,1,5
36302,1996,1,5
36401,1990,0,
36401,1991,0,
36401,1992,0,
36401,1993,0,
36401,1994,0,
36401,1995,0,
36401,1996,0,
36401,1997,0,
36401,1998,0,
36401,1999,0,
36401,2000,0,
36401,2001,0,
36401,2002,0,
36401,2003,0,
36401,2004,0,
36401,2005,0,
36401,2006,0,
36401,2007,0,
36401,2008,0,
36401,2009,0,
36401,2010,0,
36401,2011,0,
36401,2012,0,
36401,2013,0,
36401,2014,0,
36401,2015,0,
36401,2016,0,
36401,2017,0,
36401,2018,0,
36401,2019,0,
36401,2020,0,
36401,2021,0,
36401,2022,0,
36401,2023,0,
36401,2024,,
36501,1990,1,2
36502,1994,0,
36502,1995,0,
36502,1996,0,
36502,1997,0,
36502,1998,0,
36502,1999,0,
36502,2000,0,
36502,2001,0,
36502,2002,0,
36502,2003,0,
36502,2004,0,
36502,2005,0,
36502,2006,0,
36502,2007,0,
36502,2008,0,
36502,2009,0,
36502,2010,1,2
36601,1990,0,
36601,1991,1,3
36602,1999,0,
36602,2000,0,
36602,2001,0,
36602,2002,0,
36602,2003,0,
36602,2004,0,
36602,2005,1,1
36701,1989,1,3
36801,1989,1,4
36901,1990,1,1
36902,1992,0,
36902,1993,0,
36902,1994,0,
36902,1995,0,
36902,1996,1,2
37001,1989,0,
37101,1990,0,
37101,1991,1,4
37201,1990,0,
37201,1991,1,5
37202,1994,1,2
37203,2007,0,
37203,2008,0,
37203,2009,1,3
37204,2012,1,4
37205,2014,0,
37205,2015,1,1
37301,1994,1,1
37401,1990,0,
37401,1991,0,
37401,1992,0,
37401,1993,0,
37401,1994,1,4
37402,1996,0,
37402,1997,0,
37402,1998,0,
37402,1999,0,
37402,2000,0,
37402,2001,0,
37402,2002,1,5
37403,2009,0,
37403,2010,0,
37403,2011,0,
37403,2012,1,5
37404,2016,1,5
37405,2019,0,
37405,2020,0,
37406,2022,0,
37406,2023,0,
37406,2024,,
37501,1990,1,2
37502,1992,0,
37502,1993,1,2
37503,1995,1,5
37504,1997,0,
37504,1998,1,5
37505,2000,0,
37505,2001,1,5
37506,2003,1,1
37507,2011,1,5
37601,1990,0,
37601,1991,1,6
37701,1990,1,3
37801,1990,1,3
37901,1991,0,
37901,1992,0,
37901,1993,0,
37901,1994,1,1
37902,1999,1,1
38001,1991,0,
38001,1992,0,
38001,1993,1,3
38101,1989,1,3
38102,1991,1,4
38103,2004,0,
38104,2024,,
38201,1991,0,
38201,1992,0,
38201,1993,0,
38201,1994,0,
38201,1995,0,
38201,1996,0,
38201,1997,0,
38201,1998,0,
38201,1999,0,
38201,2000,0,
38201,2001,1,1
38301,1991,0,
38301,1992,0,
38301,1993,1,5
38302,2000,1,5
38303,2005,1,3
38304,2016,0,
38401,1991,1,2
38501,1991,0,
38501,1992,1,6
38601,1991,0,
38601,1992,0,
38601,1993,0,
38601,1994,0,
38601,1995,0,
38601,1996,0,
38601,1997,0,
38601,1998,0,
38601,1999,0,
38601,2000,0,
38601,2001,0,
38601,2002,0,
38601,2003,0,
38601,2004,0,
38601,2005,0,
38601,2006,0,
38601,2007,0,
38601,2008,0,
38601,2009,0,
38601,2010,0,
38601,2011,0,
38601,2012,0,
38601,2013,0,
38601,2014,0,
38601,2015,0,
38601,2016,0,
38601,2017,0,
38601,2018,0,
38601,2020,1,5
38701,1991,0,
38701,1992,1,5
38702,1994,0,
38702,1995,0,
38702,1996,0,
38702,1997,0,
38702,1998,1,5
38703,2002,0,
38703,2003,0,
38703,2004,1,5
38704,2007,1,5
38705,2009,1,5
38706,2016,0,
38706,2017,1,5
38707,2019,0,
38707,2020,1,5
38708,2022,1,5
38709,2024,,
38801,1991,0,
38801,1992,0,
38801,1993,0,
38801,1994,1,2
38802,1997,0,
38802,1998,1,5
38803,2005,1,5
38804,2008,1,5
38805,2012,1,5
38806,2014,0,
38806,2015,0,
38806,2016,0,
38806,2017,1,5
38807,2020,0,
38807,2021,0,
38807,2022,0,
38807,2023,1,3
38901,1992,0,
38901,1993,0,
38901,1994,0,
38901,1995,0,
39001,1992,0,
39001,1993,0,
39001,1994,0,
39001,1995,1,1
39101,1993,0,
39101,1994,0,
39101,1995,0,
39101,1996,0,
39101,1997,0,
39101,1998,1,2
39102,2014,1,6
39103,2017,0,
39103,2018,0,
39103,2019,1,5
39201,1992,0,
39201,1993,1,1
39301,1992,1,2
39302,2004,1,2
39303,2008,1,2
39401,1992,1,2
39501,1992,0,
39501,1993,0,
39501,1994,0,
39501,1995,0,
39501,1996,0,
39501,1997,0,
39501,1998,0,
39502,2000,1,3
39503,2010,0,
39503,2011,1,3
39601,1993,1,4
39602,1995,1,3
39701,1993,0,
39701,1994,0,
39701,1995,1,3
39801,1992,0,
39801,1993,0,
39801,1994,0,
39901,1993,1,3
39902,2023,0,
39902,2024,,
40001,1994,1,2
40002,1996,1,5
40101,1994,0,
40101,1995,0,
40101,1996,1,2
40102,1999,0,
40102,2000,0,
40102,2001,0,
40102,2002,0,
40102,2003,0,
40102,2004,0,
40102,2005,0,
40102,2006,0,
40102,2007,1,6
40201,1994,1,3
40301,1995,1,1
40401,1990,1,5
40402,1994,0,
40402,1995,0,
40402,1996,1,5
40403,2007,0,
40403,2008,0,
40403,2009,0,
40403,2010,0,
40403,2011,0,
40403,2012,0,
40403,2013,0,
40403,2014,0,
40403,2015,0,
40403,2016,0,
40403,2017,0,
40403,2018,0,
40403,2019,0,
40403,2020,0,
40403,2021,0,
40403,2022,0,
40403,2023,0,
40403,2024,,
40501,1996,1,5
40601,1995,1,5
40701,1997,1,4
40801,1993,1,2
40802,1997,0,
40802,1998,0,
40802,1999,0,
40803,2002,1,2
40804,2016,1,2
40901,1998,0,
40901,1999,0,
40901,2000,1,1
40902,2016,1,5
41001,1998,0,
41001,1999,1,4
41101,1998,1,3
41201,1998,0,
41201,1999,1,1
41301,1977,0,
41301,1978,1,5
41302,1980,0,
41302,1981,1,5
41303,1983,0,
41303,1984,0,
41303,1985,0,
41303,1986,0,
41303,1987,0,
41303,1988,0,
41303,1989,0,
41303,1990,0,
41303,1991,0,
41303,1992,1,5
41304,1994,0,
41304,1995,1,5
41305,1998,0,
41305,1999,0,
41305,2000,0,
41305,2001,0,
41305,2002,0,
41305,2003,0,
41305,2004,0,
41305,2005,0,
41305,2006,0,
41305,2007,0,
41305,2008,0,
41305,2009,0,
41305,2010,0,
41305,2011,0,
41305,2012,0,
41305,2013,1,5
41306,2015,0,
41306,2016,1,5
41307,2019,0,
41307,2020,0,
41307,2021,0,
41307,2022,0,
41307,2023,0,
41307,2024,,
41401,1999,1,3
41501,1999,0,
41501,2000,1,5
41502,2004,1,3
41601,2001,0,
41601,2002,1,4
41602,2006,1,1
41603,2009,0,
41603,2010,0,
41603,2011,0,
41603,2012,0,
41603,2013,0,
41603,2014,1,5
41604,2017,0,
41604,2018,0,
41604,2019,0,
41604,2020,0,
41604,2021,0,
41604,2022,0,
41604,2023,0,
41604,2024,,
41701,2001,1,1
41801,2001,0,
41801,2002,0,
41801,2003,0,
41801,2004,0,
41801,2005,0,
41801,2006,0,
41801,2007,0,
41801,2008,0,
41801,2009,0,
41801,2010,0,
41801,2011,0,
41801,2012,0,
41801,2013,0,
41801,2014,0,
41801,2015,0,
41801,2016,0,
41801,2017,1,5
41802,2019,1,5
41901,2002,0,
41901,2003,0,
41901,2004,1,1
41901,2011,0,
42001,2003,1,3
42101,1989,0,
42101,1990,1,5
42102,1994,1,5
42103,1996,0,
42103,1997,0,
42103,1998,0,
42103,1999,1,5
42104,2001,0,
42104,2002,0,
42104,2003,0,
42104,2004,1,2
42105,2009,0,
42105,2010,1,2
42106,2013,0,
42106,2014,1,5
42201,1997,1,4
42301,2003,0,
42301,2004,0,
42301,2005,0,
42301,2006,0,
42301,2007,0,
42301,2008,0,
42301,2009,0,
42301,2010,0,
42301,2011,0,
42301,2012,0,
42301,2013,0,
42301,2014,0,
42301,2015,0,
42301,2016,0,
42301,2017,0,
42301,2018,0,
42301,2019,0,
42301,2020,0,
42301,2021,0,
42301,2022,0,
42301,2023,0,
42301,2024,,
42401,2004,1,3
42501,2004,1,2
42601,1990,0,
42601,1991,0,
42601,1992,0,
42601,1993,0,
42601,1994,0,
42601,1995,0,
42601,1996,0,
42601,1997,0,
42601,1998,0,
42601,1999,0,
42601,2000,1,5
42602,2006,1,2
42603,2023,0,
42603,2024,,
42701,1978,1,3
42801,1975,0,
42801,1976,0,
42801,1977,0,
42801,1978,1,1
42901,2007,0,
42901,2008,1,3
42902,2017,1,5
42903,2020,1,3
43001,1991,0,
43001,1992,1,1
43002,1997,1,2
43003,2007,0,
43003,2008,1,2
43004,2021,0,
43004,2022,0,
43004,2023,0,
43004,2024,,
43101,1979,1,4
43201,2007,0,
43201,2008,0,
43201,2009,0,
43201,2010,0,
43201,2011,0,
43201,2012,0,
43201,2013,0,
43201,2014,0,
43201,2015,1,3
43401,2008,1,3
43501,2008,1,5
43601,1977,0,
43601,1978,0,
43601,1979,0,
43601,1980,1,5
43701,1981,1,5
43702,1983,1,3
43901,2009,1,3
43902,2014,0,
43902,2015,1,5
43903,2017,1,5
43904,2021,1,5
43905,2023,0,
43905,2024,,
44001,1973,0,
44001,1974,0,
44001,1975,0,
44001,1976,0,
44001,1977,0,
44001,1978,0,
44001,1979,0,
44001,1980,0,
44001,1981,0,
44001,1982,1,6
44201,2010,1,5
1134201,2012,1,5
1134202,2014,1,6
1134301,1967,1,3
1134302,1969,0,
1134302,1970,1,2
1134303,1973,1,3
1134401,2011,0,
1134501,2011,0,
1134501,2012,0,
1134501,2013,0,
1134501,2014,0,
1134501,2015,0,
1134501,2016,0,
1134501,2017,0,
1134501,2018,0,
1134501,2019,0,
1134501,2020,0,
1134501,2021,0,
1134601,2011,0,
1134602,2013,0,
1134602,2014,0,
1134602,2015,1,1
1134603,2017,0,
1134604,2019,0,
1134604,2020,1,2
1134701,2009,1,5
1134702,2012,0,
1134702,2013,0,
1134702,2014,0,
1134702,2015,0,
1134702,2016,0,
1134702,2017,0,
1134702,2018,0,
1134702,2019,0,
1134702,2020,0,
1134702,2021,0,
1134702,2022,0,
1134702,2023,0,
1134702,2024,,
1134801,2012,1,1
1134901,2008,1,5
1135001,2005,0,
1135001,2006,1,5
1144701,1991,1,5
1147501,1991,1,5
1147502,1995,1,5
1147503,2000,0,
1147503,2001,1,5
1147504,2005,0,
1147504,2006,0,
1147504,2007,1,5
1148701,2013,1,3
1163901,2024,,
1188401,1947,0,
1188401,1948,1,6
1304201,2012,0,
1304201,2013,0,
1304201,2014,0,
1304201,2015,1,6
1321901,2014,1,4
1324301,2022,0,
1324301,2023,0,
1324301,2024,,
1324601,2014,1,6
1324701,2014,1,6
1330601,2014,0,
1330601,2015,0,
1330601,2016,0,
1330601,2017,0,
1330601,2018,0,
1330601,2019,0,
1330601,2020,0,
1330601,2021,0,
1330601,2022,1,6
1332401,2021,0,
1332401,2022,1,1
1358801,2015,0,
1358801,2016,0,
1358801,2017,0,
1358801,2018,0,
1358801,2019,0,
1358801,2020,1,5
1358802,2024,,
1360401,2013,0,
1360401,2014,0,
1360401,2015,0,
1360401,2016,0,
1360401,2017,0,
1360401,2018,0,
1360401,2019,0,
1360401,2020,0,
1360401,2021,0,
1360401,2022,0,
1360401,2023,0,
1360401,2024,,
1361101,2015,1,6
1363701,2015,0,
1363701,2016,0,
1363701,2017,0,
1363701,2018,0,
1363701,2019,0,
1363701,2020,0,
1363701,2021,0,
1363701,2022,0,
1363701,2023,0,
1363701,2024,,
1363801,2015,0,
1363801,2016,1,5
1363802,2019,1,5
1363803,2021,1,5
1363804,2023,1,5
1363901,2015,0,
1363901,2016,0,
1363901,2017,0,
1363901,2018,0,
1363901,2019,0,
1363901,2020,0,
1363901,2021,0,
1363901,2022,0,
1363901,2023,0,
1363901,2024,,
1364001,2015,1,5
1364002,2017,0,
1364002,2018,0,
1364002,2019,0,
1364002,2020,0,
1364002,2021,0,
1364002,2022,1,5
1364101,2015,0,
1364101,2016,0,
1364101,2017,0,
1364101,2018,0,
1364101,2019,0,
1364101,2020,0,
1364101,2021,0,
1364101,2022,0,
1364101,2023,0,
1364101,2024,,
1364501,2015,1,5
1364502,2017,1,5
1364503,2020,1,3
1364601,2015,0,
1364601,2016,0,
1364601,2017,0,
1364601,2018,0,
1364601,2019,0,
1364601,2020,0,
1364601,2021,0,
1364601,2022,0,
1364601,2023,0,
1364601,2024,,
1364801,2015,0,
1364801,2016,0,
1364801,2017,0,
1364801,2018,0,
1364801,2019,0,
1364801,2020,0,
1364801,2021,0,
1364801,2022,1,3
1365301,2015,0,
1365301,2016,0,
1365301,2017,0,
1365301,2018,1,5
1367401,2016,0,
1367401,2017,1,5
1367501,2014,0,
1367501,2015,1,5
1367502,2017,1,5
1369201,2001,1,4
1369401,2015,0,
1369401,2016,0,
1369401,2017,0,
1369401,2018,0,
1369401,2019,1,5
1372101,2015,1,5
1380901,2016,1,5
1380902,2018,0,
1380903,2023,0,
1380903,2024,,
1384001,2019,0,
1384001,2020,0,
1384001,2021,0,
1384001,2022,0,
1384001,2023,0,
1384001,2024,,
1388601,2016,1,5
1390201,2015,0,
1390201,2016,0,
1390201,2017,1,5
1393601,2016,0,
1393601,2017,0,
1393601,2018,0,
1393601,2019,1,5
1393602,2021,0,
1393602,2022,0,
1393602,2023,1,5
1407401,2018,1,2
1411301,2017,0,
1411301,2018,0,
1411301,2019,0,
1411301,2020,0,
1411301,2021,0,
1411301,2022,0,
1411301,2023,0,
1411301,2024,,
1412901,2017,0,
1412901,2018,0,
1412901,2019,0,
1412901,2020,0,
1412901,2021,0,
1412901,2022,0,
1412901,2023,0,
1412901,2024,,
1419701,2019,0,
1419701,2020,0,
1419701,2021,1,5
1419702,2024,,
1426801,2017,1,5
1427501,2016,0,
1427501,2017,0,
1427501,2018,0,
1427501,2019,0,
1427501,2020,0,
1427501,2021,0,
1427501,2022,0,
1427501,2023,0,
1427501,2024,,
1433301,2016,1,5
1460901,2018,0,
1460901,2019,0,
1460901,2020,0,
1460901,2021,0,
1460901,2022,0,
1460901,2023,0,
1460901,2024,,
1469201,2017,0,
1469201,2018,0,
1469201,2019,0,
1469201,2020,0,
1469201,2021,0,
1469201,2022,0,
1469201,2023,0,
1469201,2024,,
1484501,2019,0,
1484501,2020,0,
1484501,2021,0,
1484501,2022,0,
1484501,2023,0,
1484501,2024,,
1493501,2019,1,3
1518301,2020,1,5
1525601,2022,0,
1525601,2023,0,
1525601,2024,,
1528301,2015,1,4
1528301,2023,1,5
1543801,2022,1,5
1603801,2023,0,
1603801,2024,,
1606901,2023,0,
1606901,2024,,
1609901,2024,,
1629201,2018,0,
1629201,2019,1,5
1637901,2024,,
