# Educational demo made to show an open-source tool. Toy model, not research. Values: our toy model, trend only. Fraction surviving the Earth, mean of nu_mu and nu_mu-bar (not nu_mu alone).
E_GeV,zenith_90deg,zenith_95deg,zenith_100deg,zenith_110deg,zenith_120deg,zenith_130deg,zenith_140deg,zenith_150deg,zenith_160deg,zenith_170deg,zenith_180deg
1000,9.9993e-01,9.9870e-01,9.9710e-01,9.9396e-01,9.8971e-01,9.8556e-01,9.8159e-01,9.7291e-01,9.6414e-01,9.5880e-01,9.5673e-01
1259,9.9992e-01,9.9838e-01,9.9639e-01,9.9249e-01,9.8721e-01,9.8206e-01,9.7714e-01,9.6639e-01,9.5556e-01,9.4898e-01,9.4643e-01
1585,9.9990e-01,9.9798e-01,9.9551e-01,9.9067e-01,9.8412e-01,9.7775e-01,9.7166e-01,9.5840e-01,9.4507e-01,9.3700e-01,9.3387e-01
1995,9.9988e-01,9.9750e-01,9.9444e-01,9.8843e-01,9.8034e-01,9.7247e-01,9.6497e-01,9.4866e-01,9.3233e-01,9.2246e-01,9.1865e-01
2512,9.9985e-01,9.9690e-01,9.9312e-01,9.8571e-01,9.7572e-01,9.6604e-01,9.5682e-01,9.3687e-01,9.1695e-01,9.0497e-01,9.0034e-01
3162,9.9981e-01,9.9618e-01,9.9151e-01,9.8238e-01,9.7012e-01,9.5825e-01,9.4698e-01,9.2267e-01,8.9854e-01,8.8408e-01,8.7851e-01
3981,9.9977e-01,9.9530e-01,9.8956e-01,9.7837e-01,9.6336e-01,9.4888e-01,9.3517e-01,9.0573e-01,8.7669e-01,8.5938e-01,8.5273e-01
5012,9.9971e-01,9.9424e-01,9.8722e-01,9.7354e-01,9.5526e-01,9.3769e-01,9.2112e-01,8.8571e-01,8.5105e-01,8.3051e-01,8.2264e-01
6310,9.9965e-01,9.9296e-01,9.8441e-01,9.6778e-01,9.4563e-01,9.2444e-01,9.0454e-01,8.6227e-01,8.2127e-01,7.9716e-01,7.8796e-01
7943,9.9957e-01,9.9145e-01,9.8107e-01,9.6095e-01,9.3428e-01,9.0889e-01,8.8515e-01,8.3515e-01,7.8714e-01,7.5915e-01,7.4852e-01
1e+04,9.9948e-01,9.8966e-01,9.7713e-01,9.5292e-01,9.2101e-01,8.9080e-01,8.6273e-01,8.0411e-01,7.4854e-01,7.1647e-01,7.0436e-01
1.259e+04,9.9938e-01,9.8755e-01,9.7251e-01,9.4356e-01,9.0562e-01,8.6997e-01,8.3705e-01,7.6905e-01,7.0552e-01,6.6930e-01,6.5570e-01
1.585e+04,9.9925e-01,9.8509e-01,9.6714e-01,9.3272e-01,8.8795e-01,8.4621e-01,8.0798e-01,7.2996e-01,6.5832e-01,6.1803e-01,6.0303e-01
1.995e+04,9.9911e-01,9.8225e-01,9.6093e-01,9.2028e-01,8.6784e-01,8.1941e-01,7.7545e-01,6.8701e-01,6.0740e-01,5.6335e-01,5.4708e-01
2.512e+04,9.9894e-01,9.7896e-01,9.5380e-01,9.0611e-01,8.4516e-01,7.8948e-01,7.3948e-01,6.4051e-01,5.5342e-01,5.0612e-01,4.8883e-01
3.162e+04,9.9875e-01,9.7521e-01,9.4567e-01,8.9009e-01,8.1983e-01,7.5645e-01,7.0020e-01,5.9093e-01,4.9726e-01,4.4748e-01,4.2948e-01
3.981e+04,9.9853e-01,9.7093e-01,9.3646e-01,8.7212e-01,7.9179e-01,7.2034e-01,6.5781e-01,5.3887e-01,4.3994e-01,3.8863e-01,3.7032e-01
5.012e+04,9.9828e-01,9.6608e-01,9.2609e-01,8.5211e-01,7.6103e-01,6.8132e-01,6.1265e-01,4.8516e-01,3.8265e-01,3.3096e-01,3.1279e-01
6.31e+04,9.9800e-01,9.6062e-01,9.1447e-01,8.2998e-01,7.2761e-01,6.3965e-01,5.6520e-01,4.3069e-01,3.2664e-01,2.7583e-01,2.5826e-01
7.943e+04,9.9768e-01,9.5448e-01,9.0153e-01,8.0568e-01,6.9163e-01,5.9563e-01,5.1601e-01,3.7647e-01,2.7315e-01,2.2449e-01,2.0798e-01
1e+05,9.9732e-01,9.4764e-01,8.8720e-01,7.7920e-01,6.5328e-01,5.4973e-01,4.6577e-01,3.2359e-01,2.2335e-01,1.7804e-01,1.6299e-01
1.259e+05,9.9692e-01,9.4001e-01,8.7140e-01,7.5054e-01,6.1279e-01,5.0244e-01,4.1519e-01,2.7303e-01,1.7818e-01,1.3724e-01,1.2397e-01
1.585e+05,9.9647e-01,9.3156e-01,8.5406e-01,7.1973e-01,5.7046e-01,4.5433e-01,3.6510e-01,2.2576e-01,1.3838e-01,1.0256e-01,9.1266e-02
1.995e+05,9.9597e-01,9.2222e-01,8.3512e-01,6.8684e-01,5.2667e-01,4.0607e-01,3.1629e-01,1.8260e-01,1.0434e-01,7.4085e-02,6.4833e-02
2.512e+05,9.9541e-01,9.1193e-01,8.1452e-01,6.5199e-01,4.8186e-01,3.5834e-01,2.6958e-01,1.4417e-01,7.6197e-02,5.1572e-02,4.4297e-02
3.162e+05,9.9480e-01,9.0064e-01,7.9224e-01,6.1534e-01,4.3653e-01,3.1185e-01,2.2572e-01,1.1088e-01,5.3728e-02,3.4479e-02,2.9008e-02
3.981e+05,9.9411e-01,8.8828e-01,7.6824e-01,5.7711e-01,3.9123e-01,2.6732e-01,1.8538e-01,8.2870e-02,3.6471e-02,2.2063e-02,1.8139e-02
5.012e+05,9.9335e-01,8.7480e-01,7.4253e-01,5.3755e-01,3.4656e-01,2.2541e-01,1.4908e-01,6.0037e-02,2.3751e-02,1.3459e-02,1.0787e-02
6.31e+05,9.9252e-01,8.6013e-01,7.1511e-01,4.9697e-01,3.0308e-01,1.8668e-01,1.1717e-01,4.2042e-02,1.4783e-02,7.7935e-03,6.0728e-03
7.943e+05,9.9159e-01,8.4423e-01,6.8601e-01,4.5573e-01,2.6140e-01,1.5162e-01,8.9809e-02,2.8372e-02,8.7599e-03,4.2641e-03,3.2209e-03
1e+06,9.9058e-01,8.2704e-01,6.5531e-01,4.1423e-01,2.2207e-01,1.2054e-01,6.6993e-02,1.8392e-02,4.9203e-03,2.1936e-03,1.6011e-03
1.259e+06,9.8946e-01,8.0853e-01,6.2310e-01,3.7290e-01,1.8557e-01,9.3646e-02,4.8519e-02,1.1413e-02,2.6076e-03,1.0553e-03,7.4178e-04
1.585e+06,9.8823e-01,7.8865e-01,5.8952e-01,3.3220e-01,1.5234e-01,7.0953e-02,3.4033e-02,6.7551e-03,1.2977e-03,4.7220e-04,3.1843e-04
1.995e+06,9.8689e-01,7.6739e-01,5.5473e-01,2.9262e-01,1.2266e-01,5.2315e-02,2.3056e-02,3.7978e-03,6.0310e-04,1.9528e-04,1.2583e-04
2.512e+06,9.8541e-01,7.4471e-01,5.1891e-01,2.5459e-01,9.6709e-02,3.7448e-02,1.5039e-02,2.0191e-03,2.6019e-04,7.4125e-05,4.5437e-05
3.162e+06,9.8380e-01,7.2065e-01,4.8232e-01,2.1858e-01,7.4536e-02,2.5964e-02,9.4185e-03,1.0106e-03,1.0361e-04,2.5653e-05,1.4888e-05
3.981e+06,9.8204e-01,6.9519e-01,4.4522e-01,1.8497e-01,5.6047e-02,1.7389e-02,5.6427e-03,4.7377e-04,3.7812e-05,8.0302e-06,4.3897e-06
5.012e+06,9.8012e-01,6.6838e-01,4.0790e-01,1.5410e-01,4.1033e-02,1.1216e-02,3.2221e-03,2.0688e-04,1.2556e-05,2.2545e-06,1.1544e-06
6.31e+06,9.7802e-01,6.4027e-01,3.7070e-01,1.2624e-01,2.9189e-02,6.9473e-03,1.7472e-03,8.3689e-05,3.7664e-06,5.6298e-07,2.6838e-07
7.943e+06,9.7574e-01,6.1093e-01,3.3395e-01,1.0154e-01,2.0127e-02,4.1189e-03,8.9584e-04,3.1167e-05,1.0121e-06,1.2384e-07,5.4608e-08
1e+07,9.7325e-01,5.8048e-01,2.9803e-01,8.0089e-02,1.3420e-02,2.3295e-03,4.3245e-04,1.0617e-05,2.4153e-07,2.3764e-08,9.6242e-09
