# Educational demo made to show an open-source tool. Toy model, not research. Values: our toy model, trend only.
E_GeV,p_numu,p_numubar,p_mean
1000,4.7292e-07,2.6941e-07,3.7116e-07
1259,5.8659e-07,3.3763e-07,4.6211e-07
1585,7.2620e-07,4.2269e-07,5.7444e-07
1995,8.9694e-07,5.2861e-07,7.1278e-07
2512,1.1047e-06,6.5993e-07,8.8230e-07
3162,1.3561e-06,8.2235e-07,1.0892e-06
3981,1.6586e-06,1.0224e-06,1.3405e-06
5012,2.0200e-06,1.2676e-06,1.6438e-06
6310,2.4490e-06,1.5666e-06,2.0078e-06
7943,2.9544e-06,1.9294e-06,2.4419e-06
1e+04,3.5457e-06,2.3670e-06,2.9563e-06
1.259e+04,4.2326e-06,2.8914e-06,3.5620e-06
1.585e+04,5.0253e-06,3.5160e-06,4.2707e-06
1.995e+04,5.9339e-06,4.2548e-06,5.0943e-06
2.512e+04,6.9697e-06,5.1226e-06,6.0461e-06
3.162e+04,8.1437e-06,6.1356e-06,7.1396e-06
3.981e+04,9.4698e-06,7.3109e-06,8.3903e-06
5.012e+04,1.0961e-05,8.6662e-06,9.8137e-06
6.31e+04,1.2633e-05,1.0220e-05,1.1426e-05
7.943e+04,1.4503e-05,1.1992e-05,1.3247e-05
1e+05,1.6588e-05,1.4001e-05,1.5295e-05
1.259e+05,1.8910e-05,1.6271e-05,1.7591e-05
1.585e+05,2.1493e-05,1.8824e-05,2.0159e-05
1.995e+05,2.4361e-05,2.1686e-05,2.3024e-05
2.512e+05,2.7543e-05,2.4882e-05,2.6213e-05
3.162e+05,3.1069e-05,2.8443e-05,2.9756e-05
3.981e+05,3.4971e-05,3.2398e-05,3.3684e-05
5.012e+05,3.9284e-05,3.6780e-05,3.8032e-05
6.31e+05,4.4050e-05,4.1628e-05,4.2839e-05
7.943e+05,4.9308e-05,4.6980e-05,4.8144e-05
1e+06,5.5105e-05,5.2879e-05,5.3992e-05
1.259e+06,6.1487e-05,5.9371e-05,6.0429e-05
1.585e+06,6.8505e-05,6.6505e-05,6.7505e-05
1.995e+06,7.6221e-05,7.4330e-05,7.5275e-05
2.512e+06,8.4686e-05,8.2915e-05,8.3800e-05
3.162e+06,9.3967e-05,9.2312e-05,9.3140e-05
3.981e+06,1.0413e-04,1.0259e-04,1.0336e-04
5.012e+06,1.1526e-04,1.1383e-04,1.1455e-04
6.31e+06,1.2742e-04,1.2610e-04,1.2676e-04
7.943e+06,1.4070e-04,1.3948e-04,1.4009e-04
1e+07,1.5519e-04,1.5407e-04,1.5463e-04
