conflict_id,year
200,1946
200,1949
200,1952
200,1967
201,1946
201,1947
201,1948
201,1949
201,1950
201,1951
201,1952
201,1953
202,1946
202,1947
202,1948
202,1949
203,1946
203,1947
203,1948
203,1949
204,1946
204,1947
204,1948
204,1949
205,1946
205,1966
205,1967
205,1968
205,1979
205,1980
205,1981
205,1982
205,1983
205,1984
205,1985
205,1986
205,1987
205,1988
205,1990
205,1993
205,1996
205,2016
205,2018
206,1946
207,1946
208,1946
208,1947
208,1948
208,1949
208,1950
208,1951
208,1952
208,1953
209,1946
209,1947
209,1948
209,1949
209,1950
209,1951
209,1952
209,1953
209,1954
209,1969
209,1970
209,1971
209,1972
209,1973
209,1974
209,1975
209,1976
209,1977
209,1978
209,1979
209,1980
209,1981
209,1982
209,1983
209,1984
209,1985
209,1986
209,1987
209,1988
209,1989
209,1990
209,1991
209,1992
209,1993
209,1994
209,1995
209,1997
209,1999
209,2000
209,2001
209,2002
209,2003
209,2004
209,2005
209,2006
209,2007
209,2008
209,2009
209,2010
209,2011
209,2012
209,2013
209,2014
209,2015
209,2016
209,2017
209,2018
209,2019
209,2020
209,2021
209,2022
209,2023
209,2024
210,1946
210,1947
210,1948
211,1946
212,1946
212,1947
212,1948
213,1946
213,1947
213,1948
213,1949
213,1950
214,1946
215,1946
216,1946
216,1947
216,1948
216,1949
216,1950
216,1951
216,1952
216,1953
216,1954
217,1947
218,1948
218,1964
218,1965
218,1971
218,1984
218,1987
218,1989
218,1990
218,1991
218,1992
218,1994
218,1996
218,1997
218,1998
218,1999
218,2000
218,2001
218,2002
218,2003
218,2013
218,2014
218,2015
218,2016
218,2017
218,2018
218,2019
218,2020
219,1947
220,1947
220,1954
220,1989
221,1949
221,1950
221,1951
221,1952
221,1953
221,1954
221,1955
221,1956
221,1957
221,1958
221,1959
221,1960
221,1961
221,1962
221,1963
221,1964
221,1965
221,1966
221,1967
221,1968
221,1969
221,1970
221,1971
221,1972
221,1973
221,1974
221,1975
221,1976
221,1977
221,1978
221,1979
221,1980
221,1981
221,1982
221,1983
221,1984
221,1985
221,1986
221,1987
221,1988
221,1989
221,1990
221,1991
221,1992
221,1994
221,1995
221,1997
221,1998
221,2000
221,2001
221,2002
221,2003
221,2004
221,2005
221,2006
221,2007
221,2008
221,2009
221,2010
221,2011
221,2013
221,2021
221,2022
221,2023
221,2024
222,1948
222,1949
222,1950
222,1951
222,1952
222,1953
222,1954
222,1955
222,1956
222,1957
222,1958
222,1959
222,1960
222,1961
222,1962
222,1963
222,1964
222,1965
222,1966
222,1967
222,1968
222,1969
222,1970
222,1971
222,1972
222,1973
222,1974
222,1975
222,1976
222,1977
222,1978
222,1979
222,1980
222,1981
222,1982
222,1983
222,1984
222,1985
222,1986
222,1987
222,1988
222,1990
222,1991
222,1992
222,1994
222,2013
222,2014
222,2015
222,2017
222,2018
222,2019
222,2021
222,2022
222,2023
222,2024
223,1948
223,1949
223,1950
223,1951
223,1952
223,1953
223,1954
223,1955
223,1956
223,1957
223,1958
223,1959
223,1960
223,1961
223,1964
223,1965
223,1966
223,1967
223,1968
223,1969
223,1970
223,1971
223,1972
223,1973
223,1974
223,1975
223,1976
223,1977
223,1978
223,1991
223,1994
223,2016
223,2017
223,2018
223,2019
223,2020
223,2022
223,2023
223,2024
224,1949
224,1950
224,1951
224,1952
224,1953
224,1954
224,1955
224,1956
224,1957
224,1958
224,1959
224,1960
224,1961
224,1962
224,1963
224,1990
224,1996
225,1948
226,1948
227,1948
227,1949
227,1950
227,1951
227,1969
227,1970
227,1971
227,1991
227,1992
227,1993
227,1994
227,1996
227,1997
227,1998
227,1999
227,2000
227,2001
227,2002
227,2003
227,2004
227,2005
227,2006
227,2007
227,2008
227,2009
227,2010
227,2011
227,2012
227,2013
227,2014
227,2015
227,2016
227,2017
227,2018
227,2019
227,2020
227,2021
227,2022
227,2023
227,2024
228,1948
228,1949
229,1948
229,1949
229,1950
229,1951
229,1952
229,1953
229,1954
229,1955
229,1956
229,1957
230,1948
230,1962
230,1963
230,1964
230,1965
230,1966
230,1967
230,1968
230,1969
230,1970
230,1979
230,1980
230,1981
230,1982
230,2009
230,2010
230,2011
230,2012
230,2013
230,2014
230,2015
230,2016
230,2017
230,2018
230,2019
230,2020
230,2021
230,2022
230,2023
230,2024
231,1949
231,1950
231,1961
231,1962
231,1963
231,1964
231,1965
231,1966
231,1967
231,1968
231,1969
231,1970
231,1971
231,1972
231,1973
231,1974
231,1975
231,1976
231,1977
231,1978
231,1979
231,1980
231,1981
231,1982
231,1983
231,1984
231,1985
231,1986
231,1987
231,1988
231,1989
231,1990
231,1991
231,1992
231,2011
231,2012
231,2013
231,2014
231,2015
231,2016
231,2017
231,2018
231,2019
231,2021
231,2022
231,2023
231,2024
232,1949
232,1950
232,1954
232,1958
233,1949
233,1954
233,1963
233,1965
233,1966
233,1967
233,1968
233,1969
233,1970
233,1971
233,1972
233,1973
233,1974
233,1975
233,1976
233,1977
233,1978
233,1979
233,1980
233,1981
233,1982
233,1983
233,1984
233,1985
233,1986
233,1987
233,1988
233,1989
233,1990
233,1991
233,1992
233,1993
233,1994
233,1995
234,1949
234,1950
234,1951
234,1952
234,1953
234,1954
234,1955
234,1956
234,1957
234,1958
234,1959
234,1960
234,1961
234,1962
234,1963
234,1964
234,1965
234,1966
234,1967
234,1968
234,1969
234,1970
234,1971
234,1972
234,1973
234,1974
234,1975
234,1976
234,1977
234,1978
234,1979
234,1980
234,1981
234,1982
234,1983
234,1984
234,1985
234,1986
234,1987
234,1988
234,1989
234,1990
234,1991
234,1992
234,1993
234,1994
234,1995
234,1996
234,2000
234,2001
234,2002
234,2003
234,2004
234,2005
234,2006
234,2007
234,2008
234,2009
234,2010
234,2011
234,2012
234,2014
234,2018
234,2019
234,2021
234,2022
234,2023
234,2024
235,1949
235,1950
235,1951
235,1952
235,1953
236,1950
236,1956
236,1959
237,1950
238,1950
239,1951
239,1952
240,1951
240,1974
240,1975
240,1976
240,1977
240,1978
240,1979
240,1980
240,1981
240,1982
241,1952
241,1953
241,1954
241,1955
241,1956
242,1953
242,1956
242,1957
242,1958
242,1961
243,1953
243,1958
243,1959
243,1960
243,1961
244,1953
244,1954
244,1955
244,1956
245,1953
245,1954
245,1955
245,1956
246,1954
246,1955
246,1956
246,1957
246,1958
246,1959
246,1960
246,1961
246,1962
247,1955
247,1963
247,1974
247,1975
247,1976
247,1977
248,1955
248,1956
248,1957
248,1958
248,1959
249,1955
249,1956
249,1957
249,1958
249,1959
249,1960
249,1961
249,1962
249,1963
249,1964
250,1956
251,1956
251,1957
251,1958
251,1959
251,1961
251,1962
251,1963
251,1964
251,1965
251,1966
251,1967
251,1968
251,1992
251,1993
251,1994
251,1995
251,1996
251,1997
251,2000
252,1956
253,1957
253,1987
253,1992
253,1996
253,2005
253,2021
253,2022
253,2023
253,2024
254,1957
254,1958
254,1959
255,1957
256,1957
256,1958
257,1957
257,1958
258,1957
259,1958
259,1959
259,1963
259,1982
259,1983
259,1984
259,1987
259,1991
259,1992
259,1993
259,1994
259,1995
259,1996
259,2004
259,2005
259,2006
259,2007
259,2008
259,2009
259,2010
259,2011
259,2012
259,2013
259,2014
259,2015
259,2016
259,2017
259,2018
259,2019
259,2020
259,2021
259,2022
259,2023
259,2024
260,1958
260,1975
260,1976
260,1982
260,1983
260,1984
260,1985
260,1986
260,1989
260,1990
261,1958
261,1959
261,1960
261,1974
261,1975
261,1981
262,1959
262,1960
262,1961
262,1963
262,1964
262,1965
262,1966
262,1967
262,1968
262,1969
262,1970
262,1971
262,1972
262,1973
262,1989
262,1990
263,1961
263,1962
263,1963
263,1964
263,1965
263,1966
263,1967
263,1968
263,1969
263,1970
263,1971
263,1972
263,1973
263,1974
264,1959
264,1960
264,1961
264,1962
264,1963
264,1964
264,1965
264,1966
264,1967
264,1968
264,1969
264,1970
264,1972
264,1973
264,1976
264,1977
264,1978
264,1979
264,1980
264,1981
264,1982
264,1983
264,1984
264,1985
264,1986
264,1987
264,1988
264,1993
264,1994
264,1995
264,1996
264,1997
264,1998
264,1999
264,2000
264,2001
264,2002
264,2005
264,2006
264,2007
264,2008
264,2009
264,2010
264,2011
264,2013
264,2015
265,1961
265,1962
265,2013
265,2014
265,2020
266,1960
266,1961
266,1962
267,1960
267,1976
267,1977
267,1978
267,1979
267,1980
267,1981
267,1982
267,1983
267,1984
267,1985
267,1986
267,1987
267,1988
267,1989
267,1990
267,1991
267,2020
267,2021
267,2022
268,1964
268,1977
268,1978
268,1980
269,1960
269,1961
269,1962
269,1996
269,1997
269,1998
269,1999
269,2000
269,2001
269,2002
269,2003
269,2004
269,2005
269,2006
270,1961
270,1962
271,1961
271,1962
271,1963
271,1964
271,1965
271,1966
271,1967
271,1968
271,1969
271,1970
271,1973
271,1974
271,1975
271,1976
271,1977
271,1978
271,1979
271,1980
271,1981
271,1982
271,1983
271,1984
271,1985
271,1986
271,1987
271,1988
271,1989
271,1990
271,1991
271,1992
271,1995
271,1996
272,1961
273,1962
274,1962
274,1967
274,2020
275,1964
275,1965
275,1966
275,1967
275,1968
275,1969
275,1970
275,1971
275,1972
275,1973
275,1974
275,1975
275,1976
275,1977
275,1978
275,1979
275,1980
275,1981
275,1982
275,1983
275,1984
275,1985
275,1986
275,1987
275,1988
275,1989
275,1990
275,1991
276,1962
277,1962
277,1982
277,1992
278,1963
279,1963
279,1964
279,1965
279,1966
279,1967
279,1968
279,1969
279,1970
279,1971
279,1972
279,1973
280,1963
280,1964
280,1965
280,1966
281,1963
281,1964
281,1965
281,1966
282,1963
282,1964
282,1965
282,1966
282,1967
282,1968
282,1969
282,1970
282,1971
282,1972
283,1964
283,1965
283,1967
283,1977
283,1978
283,1996
283,1997
283,1998
283,1999
283,2000
283,2001
283,2005
283,2006
283,2007
283,2008
283,2011
283,2012
283,2013
283,2014
283,2016
283,2017
283,2018
283,2019
283,2020
283,2021
283,2022
283,2023
283,2024
284,1964
285,1964
285,1965
285,1966
285,1967
285,1968
285,1969
285,1970
285,1971
285,1972
285,1973
285,1974
286,1964
286,1965
286,1966
286,1967
287,1965
287,1991
287,1992
287,1994
287,1995
287,1996
287,1997
287,1998
287,1999
287,2000
287,2001
287,2002
287,2003
287,2004
287,2005
287,2006
287,2008
287,2014
287,2015
287,2019
287,2020
287,2021
287,2022
287,2023
287,2024
288,1966
288,1967
288,1968
288,1969
288,1970
288,1971
288,1972
288,1976
288,1977
288,1978
288,1979
288,1980
288,1981
288,1982
288,1983
288,1984
288,1986
288,1987
288,1989
288,1990
288,1991
288,1992
288,1993
288,1994
288,1997
288,1998
288,1999
288,2000
288,2001
288,2002
288,2003
288,2005
288,2006
288,2007
288,2008
288,2009
288,2010
288,2018
288,2020
288,2021
288,2023
289,1964
289,1965
289,1966
289,1967
289,1968
289,1969
289,1970
289,1971
289,1972
289,1973
289,1974
289,1975
289,1976
289,1977
289,1978
289,1979
289,1980
289,1981
289,1982
289,1983
289,1984
289,1985
289,1986
289,1987
289,1988
289,1989
289,1990
289,1991
289,1992
289,1993
289,1994
289,1995
289,1996
289,1997
289,1998
289,1999
289,2000
289,2001
289,2002
289,2003
289,2004
289,2005
289,2006
289,2007
289,2008
289,2009
289,2010
289,2011
289,2012
289,2013
289,2014
289,2015
289,2016
289,2018
289,2019
289,2020
289,2021
289,2022
289,2023
289,2024
290,1965
291,1965
291,1967
291,1968
291,1969
291,1976
291,1977
291,1978
291,1981
291,1984
291,2018
291,2019
291,2020
291,2021
291,2022
291,2023
291,2024
292,1965
292,1982
292,1983
292,1984
292,1985
292,1986
292,1987
292,1988
292,1989
292,1990
292,1991
292,1992
292,1993
292,1994
292,1995
292,1996
292,1997
292,1998
292,1999
292,2007
292,2008
292,2009
292,2010
293,1965
293,1966
293,1967
293,1968
293,1969
293,1970
293,1971
293,1972
293,1973
293,1974
293,1975
294,1977
294,1978
294,2011
295,1966
295,1981
295,1983
296,1966
296,1967
296,1968
297,1966
297,2009
297,2011
297,2012
297,2013
297,2014
297,2015
297,2016
297,2017
297,2018
297,2019
297,2020
297,2021
297,2022
297,2023
297,2024
298,1966
298,1967
298,1968
298,1969
298,1970
298,1971
298,1972
298,1973
298,1974
298,1975
298,1976
298,1977
298,1978
298,1979
298,1980
298,1981
298,1982
298,1983
298,1984
298,1985
298,1986
298,1987
298,1988
298,1989
299,1966
299,1979
299,1980
299,1981
299,1982
299,2011
299,2012
299,2013
299,2014
299,2015
299,2016
299,2017
299,2018
299,2019
299,2020
299,2021
299,2022
299,2023
299,2024
300,1967
300,1968
300,1969
300,1970
300,1971
300,1972
300,1973
300,1974
300,1975
300,1978
300,1979
300,1980
300,1981
300,1982
300,1983
300,1984
300,1985
300,1986
300,1987
300,1988
300,1989
300,1990
300,1991
300,1992
300,1993
300,1994
300,1995
300,1996
300,1997
300,1998
301,1967
302,1967
302,1973
303,1967
303,1968
303,1969
303,1970
303,2021
303,2022
303,2023
303,2024
304,1969
305,1969
306,1969
307,2000
307,2001
308,1970
308,1971
308,1972
308,1973
308,1974
308,1975
308,1976
308,1977
308,1978
308,1979
308,1980
308,1981
308,1982
308,1983
308,1984
308,1985
308,1986
308,1987
308,1988
308,1989
308,1990
308,1993
308,1994
308,1995
308,1996
308,1997
308,1998
308,1999
308,2000
308,2001
308,2002
308,2003
308,2004
308,2005
308,2006
308,2007
308,2008
308,2009
308,2010
308,2011
308,2012
308,2013
308,2014
308,2015
308,2016
308,2017
308,2018
308,2019
308,2020
309,1971
309,1976
309,1983
309,1984
309,1985
309,1986
309,1987
309,1988
309,1989
309,1990
309,1991
309,1992
309,1993
309,1994
309,1995
309,1996
309,1997
309,1998
309,1999
309,2000
309,2001
309,2002
309,2003
309,2004
309,2005
309,2006
309,2007
309,2008
309,2009
309,2010
309,2011
309,2012
309,2013
309,2014
309,2015
309,2016
309,2017
309,2018
309,2020
309,2021
309,2022
309,2023
309,2024
310,1971
311,1971
312,1971
313,1971
313,1989
313,1990
314,1971
314,1972
314,1974
314,1979
314,1980
314,1981
314,1982
314,1983
314,1984
314,1985
314,1986
314,1987
314,1988
314,1989
314,1990
314,1991
314,1992
314,1994
314,1995
314,1996
314,1997
314,1998
314,1999
314,2000
314,2001
314,2002
314,2003
314,2004
314,2005
314,2006
314,2007
314,2008
314,2009
314,2010
314,2011
314,2013
314,2014
314,2015
314,2016
314,2017
315,1971
315,1972
315,1973
315,1974
315,1975
315,1976
315,1977
315,1978
315,1979
315,1980
315,1981
315,1982
315,1983
315,1984
315,1985
315,1986
315,1987
315,1988
315,1989
315,1990
315,1991
315,1998
316,1972
316,1979
316,1980
316,1981
316,1982
316,1983
316,1984
316,1985
316,1986
316,1987
316,1988
316,1989
316,1990
316,1991
317,1969
317,1970
317,1971
317,1972
317,1973
317,1974
317,1975
318,1967
318,1968
318,1973
318,1974
318,1975
318,1976
318,1977
318,1978
318,1979
319,1972
320,1972
320,1979
321,1973
322,1975
322,1976
322,1977
322,1978
322,1979
322,1980
322,1981
322,1982
322,1983
322,1984
322,1985
322,1986
322,1987
322,1988
322,1989
322,1990
322,1991
323,1974
324,1974
324,1980
324,1981
324,1982
324,1983
324,1984
324,1985
324,1986
324,1987
324,1988
325,1974
325,1975
325,1976
325,1977
325,2004
325,2006
325,2007
325,2008
325,2009
325,2011
325,2012
325,2013
325,2014
325,2015
325,2016
325,2019
325,2020
325,2021
325,2022
325,2023
325,2024
326,1997
326,1999
326,2003
327,1975
327,1976
327,1977
327,1978
327,1979
327,1980
327,1981
327,1982
327,1983
327,1984
327,1985
327,1986
327,1987
327,1988
327,1989
327,1990
327,1991
327,1992
327,1993
327,1994
327,1995
327,1998
327,1999
327,2000
327,2001
327,2002
328,1975
328,1976
328,1977
329,1964
329,1976
329,1977
329,1978
329,1979
329,1980
329,1981
329,1982
329,1983
329,1993
329,1994
329,1996
329,1998
329,1999
329,2000
329,2001
329,2002
329,2003
329,2004
329,2005
329,2006
329,2007
329,2008
329,2009
329,2010
329,2011
329,2012
329,2013
329,2014
329,2015
329,2016
330,1975
330,1976
330,1977
330,1978
330,1979
330,1980
330,1981
330,1982
330,1983
330,1984
330,1985
330,1986
330,1987
330,1988
330,1992
330,1997
330,1998
330,1999
331,1975
331,1976
331,1977
331,1978
331,1979
331,1980
331,1981
331,1982
331,1983
331,1984
331,1985
331,1986
331,1987
331,1988
331,1989
332,1977
332,1978
332,1979
332,1980
332,1981
332,1982
332,1983
332,1984
332,1985
332,1986
332,1987
332,1988
332,1989
332,1990
332,1991
332,1992
332,2013
332,2014
332,2016
332,2018
332,2019
333,1978
333,1979
333,1980
333,1981
333,1982
333,1983
333,1984
333,1985
333,1986
333,1987
333,1988
333,1989
333,1990
333,1991
333,1992
333,1993
333,1994
333,1995
333,1996
333,1997
333,1998
333,1999
333,2000
333,2001
333,2002
333,2003
333,2004
333,2005
333,2006
333,2007
333,2008
333,2009
333,2010
333,2011
333,2012
333,2013
333,2014
333,2015
333,2016
333,2017
333,2018
333,2019
333,2020
333,2021
333,2022
333,2023
333,2024
334,1974
334,1978
334,1979
334,1980
334,1981
334,1983
334,1984
334,1986
334,1987
334,1988
335,1979
335,1980
335,1981
335,1982
335,1983
335,1984
335,1985
335,1986
335,1987
335,1988
335,1992
335,1997
335,1999
335,2000
335,2001
335,2002
335,2003
335,2004
336,1977
336,1978
336,1979
336,1982
336,1983
336,1984
336,1985
336,1986
336,1987
336,1988
336,1989
336,1990
337,1982
337,1983
337,1984
337,1986
337,1987
337,1988
337,1989
337,1990
337,1991
337,1992
337,1993
337,1994
337,1995
337,1996
337,2001
337,2002
337,2006
337,2007
337,2008
337,2009
337,2010
337,2011
337,2012
337,2013
337,2014
337,2015
337,2016
337,2017
337,2018
337,2019
337,2020
337,2021
337,2022
337,2023
337,2024
338,1979
338,1980
338,1981
338,1982
338,1986
338,1987
338,1988
338,1991
338,1993
338,1997
338,1999
338,2000
338,2001
338,2005
338,2006
338,2007
338,2008
338,2009
338,2010
338,2011
338,2018
338,2019
338,2020
338,2021
338,2023
338,2024
339,1979
339,1980
340,1979
341,1980
341,1989
341,1990
341,2000
341,2001
341,2002
341,2003
342,1978
342,1979
342,1980
342,1981
342,1982
342,1985
342,1986
342,1987
342,1991
343,1980
343,2013
343,2014
343,2015
344,1981
345,1981
345,1982
345,1983
345,1985
345,1986
345,1987
345,1988
346,1982
347,1982
347,1983
347,1984
347,1985
347,1986
347,1987
347,1988
347,1993
347,1994
347,1995
347,1996
347,1998
347,1999
347,2000
347,2003
347,2004
347,2005
347,2006
347,2007
347,2008
347,2009
348,1982
349,1983
350,1983
351,1983
351,1984
351,1985
351,1986
351,1987
351,1988
351,1989
351,1990
351,1991
351,1992
351,1993
352,1984
352,1985
352,1986
352,1987
352,1988
352,1989
352,1990
352,1991
352,1992
352,1993
352,1994
352,1995
352,1996
352,1997
352,1998
352,1999
352,2000
352,2001
352,2003
352,2005
352,2006
352,2007
352,2008
352,2009
353,1960
353,1961
353,1984
353,2015
353,2016
353,2017
353,2020
353,2022
353,2023
353,2024
354,1984
354,1985
354,1986
354,1987
354,1988
354,1989
354,1990
354,1991
354,1992
354,1993
354,1994
354,1995
354,1996
354,1997
354,1998
354,1999
354,2000
354,2001
354,2002
354,2003
354,2004
354,2005
354,2006
354,2007
354,2008
354,2009
354,2010
354,2011
354,2012
354,2013
354,2015
354,2016
354,2017
354,2018
354,2019
354,2020
354,2021
354,2022
354,2023
354,2024
355,1985
356,1986
356,1987
356,1988
357,1987
358,1986
358,2022
358,2023
358,2024
359,1986
360,1987
360,2018
360,2019
360,2020
360,2021
360,2022
360,2023
360,2024
361,1987
362,1989
363,1975
363,1976
363,1996
364,1990
364,1991
364,1992
364,1993
364,1994
364,1995
364,1996
364,1997
364,1998
364,1999
364,2000
364,2001
364,2002
364,2003
364,2004
364,2005
364,2006
364,2007
364,2008
364,2009
364,2010
364,2011
364,2012
364,2013
364,2014
364,2015
364,2016
364,2017
364,2018
364,2019
364,2020
364,2021
364,2022
364,2023
364,2024
365,1990
365,1994
365,1995
365,1996
365,1997
365,1998
365,1999
365,2000
365,2001
365,2002
365,2003
365,2004
365,2005
365,2006
365,2007
365,2008
365,2009
365,2010
366,1990
366,1991
366,1999
366,2000
366,2001
366,2002
366,2003
366,2004
366,2005
367,1989
368,1989
369,1990
369,1992
369,1993
369,1994
369,1995
369,1996
370,1989
371,1990
371,1991
372,1990
372,1991
372,1994
372,2007
372,2008
372,2009
372,2012
372,2014
372,2015
373,1994
374,1990
374,1991
374,1992
374,1993
374,1994
374,1996
374,1997
374,1998
374,1999
374,2000
374,2001
374,2002
374,2009
374,2010
374,2011
374,2012
374,2016
374,2019
374,2020
374,2022
374,2023
374,2024
375,1990
375,1992
375,1993
375,1995
375,1997
375,1998
375,2000
375,2001
375,2003
375,2011
376,1990
376,1991
377,1990
378,1990
379,1991
379,1992
379,1993
379,1994
379,1999
380,1991
380,1992
380,1993
381,1989
381,1991
381,2004
381,2024
382,1991
382,1992
382,1993
382,1994
382,1995
382,1996
382,1997
382,1998
382,1999
382,2000
382,2001
383,1991
383,1992
383,1993
383,2000
383,2005
383,2016
384,1991
385,1991
385,1992
386,1991
386,1992
386,1993
386,1994
386,1995
386,1996
386,1997
386,1998
386,1999
386,2000
386,2001
386,2002
386,2003
386,2004
386,2005
386,2006
386,2007
386,2008
386,2009
386,2010
386,2011
386,2012
386,2013
386,2014
386,2015
386,2016
386,2017
386,2018
386,2020
387,1991
387,1992
387,1994
387,1995
387,1996
387,1997
387,1998
387,2002
387,2003
387,2004
387,2007
387,2009
387,2016
387,2017
387,2019
387,2020
387,2022
387,2024
388,1991
388,1992
388,1993
388,1994
388,1997
388,1998
388,2005
388,2008
388,2012
388,2014
388,2015
388,2016
388,2017
388,2020
388,2021
388,2022
388,2023
389,1992
389,1993
389,1994
389,1995
390,1992
390,1993
390,1994
390,1995
391,1993
391,1994
391,1995
391,1996
391,1997
391,1998
391,2014
391,2017
391,2018
391,2019
392,1992
392,1993
393,1992
393,2004
393,2008
394,1992
395,1992
395,1993
395,1994
395,1995
395,1996
395,1997
395,1998
395,2000
395,2010
395,2011
396,1993
396,1995
397,1993
397,1994
397,1995
398,1992
398,1993
398,1994
399,1993
399,2023
399,2024
400,1994
400,1996
401,1994
401,1995
401,1996
401,1999
401,2000
401,2001
401,2002
401,2003
401,2004
401,2005
401,2006
401,2007
402,1994
403,1995
404,1990
404,1994
404,1995
404,1996
404,2007
404,2008
404,2009
404,2010
404,2011
404,2012
404,2013
404,2014
404,2015
404,2016
404,2017
404,2018
404,2019
404,2020
404,2021
404,2022
404,2023
404,2024
405,1996
406,1995
407,1997
408,1993
408,1997
408,1998
408,1999
408,2002
408,2016
409,1998
409,1999
409,2000
409,2016
410,1998
410,1999
411,1998
412,1998
412,1999
413,1977
413,1978
413,1980
413,1981
413,1983
413,1984
413,1985
413,1986
413,1987
413,1988
413,1989
413,1990
413,1991
413,1992
413,1994
413,1995
413,1998
413,1999
413,2000
413,2001
413,2002
413,2003
413,2004
413,2005
413,2006
413,2007
413,2008
413,2009
413,2010
413,2011
413,2012
413,2013
413,2015
413,2016
413,2019
413,2020
413,2021
413,2022
413,2023
413,2024
414,1999
415,1999
415,2000
415,2004
416,2001
416,2002
416,2006
416,2009
416,2010
416,2011
416,2012
416,2013
416,2014
416,2017
416,2018
416,2019
416,2020
416,2021
416,2022
416,2023
416,2024
417,2001
418,2001
418,2002
418,2003
418,2004
418,2005
418,2006
418,2007
418,2008
418,2009
418,2010
418,2011
418,2012
418,2013
418,2014
418,2015
418,2016
418,2017
418,2019
419,2002
419,2003
419,2004
419,2011
420,2003
421,1989
421,1990
421,1994
421,1996
421,1997
421,1998
421,1999
421,2001
421,2002
421,2003
421,2004
421,2009
421,2010
421,2013
421,2014
422,1997
423,2003
423,2004
423,2005
423,2006
423,2007
423,2008
423,2009
423,2010
423,2011
423,2012
423,2013
423,2014
423,2015
423,2016
423,2017
423,2018
423,2019
423,2020
423,2021
423,2022
423,2023
423,2024
424,2004
425,2004
426,1990
426,1991
426,1992
426,1993
426,1994
426,1995
426,1996
426,1997
426,1998
426,1999
426,2000
426,2006
426,2023
426,2024
427,1978
428,1975
428,1976
428,1977
428,1978
429,2007
429,2008
429,2017
429,2020
430,1991
430,1992
430,1997
430,2007
430,2008
430,2021
430,2022
430,2023
430,2024
431,1979
432,2007
432,2008
432,2009
432,2010
432,2011
432,2012
432,2013
432,2014
432,2015
434,2008
435,2008
436,1977
436,1978
436,1979
436,1980
437,1981
437,1983
439,2009
439,2014
439,2015
439,2017
439,2021
439,2023
439,2024
440,1973
440,1974
440,1975
440,1976
440,1977
440,1978
440,1979
440,1980
440,1981
440,1982
442,2010
11342,2012
11342,2014
11343,1967
11343,1969
11343,1970
11343,1973
11344,2011
11345,2011
11345,2012
11345,2013
11345,2014
11345,2015
11345,2016
11345,2017
11345,2018
11345,2019
11345,2020
11345,2021
11346,2011
11346,2013
11346,2014
11346,2015
11346,2017
11346,2019
11346,2020
11347,2009
11347,2012
11347,2013
11347,2014
11347,2015
11347,2016
11347,2017
11347,2018
11347,2019
11347,2020
11347,2021
11347,2022
11347,2023
11347,2024
11348,2012
11349,2008
11350,2005
11350,2006
11447,1991
11475,1991
11475,1995
11475,2000
11475,2001
11475,2005
11475,2006
11475,2007
11487,2013
11639,2024
11884,1947
11884,1948
13042,2012
13042,2013
13042,2014
13042,2015
13219,2014
13243,2022
13243,2023
13243,2024
13246,2014
13247,2014
13306,2014
13306,2015
13306,2016
13306,2017
13306,2018
13306,2019
13306,2020
13306,2021
13306,2022
13324,2021
13324,2022
13588,2015
13588,2016
13588,2017
13588,2018
13588,2019
13588,2020
13588,2024
13604,2013
13604,2014
13604,2015
13604,2016
13604,2017
13604,2018
13604,2019
13604,2020
13604,2021
13604,2022
13604,2023
13604,2024
13611,2015
13637,2015
13637,2016
13637,2017
13637,2018
13637,2019
13637,2020
13637,2021
13637,2022
13637,2023
13637,2024
13638,2015
13638,2016
13638,2019
13638,2021
13638,2023
13639,2015
13639,2016
13639,2017
13639,2018
13639,2019
13639,2020
13639,2021
13639,2022
13639,2023
13639,2024
13640,2015
13640,2017
13640,2018
13640,2019
13640,2020
13640,2021
13640,2022
13641,2015
13641,2016
13641,2017
13641,2018
13641,2019
13641,2020
13641,2021
13641,2022
13641,2023
13641,2024
13645,2015
13645,2017
13645,2020
13646,2015
13646,2016
13646,2017
13646,2018
13646,2019
13646,2020
13646,2021
13646,2022
13646,2023
13646,2024
13648,2015
13648,2016
13648,2017
13648,2018
13648,2019
13648,2020
13648,2021
13648,2022
13653,2015
13653,2016
13653,2017
13653,2018
13674,2016
13674,2017
13675,2014
13675,2015
13675,2017
13692,2001
13694,2015
13694,2016
13694,2017
13694,2018
13694,2019
13721,2015
13809,2016
13809,2018
13809,2023
13809,2024
13840,2019
13840,2020
13840,2021
13840,2022
13840,2023
13840,2024
13886,2016
13902,2015
13902,2016
13902,2017
13936,2016
13936,2017
13936,2018
13936,2019
13936,2021
13936,2022
13936,2023
14074,2018
14113,2017
14113,2018
14113,2019
14113,2020
14113,2021
14113,2022
14113,2023
14113,2024
14129,2017
14129,2018
14129,2019
14129,2020
14129,2021
14129,2022
14129,2023
14129,2024
14197,2019
14197,2020
14197,2021
14197,2024
14268,2017
14275,2016
14275,2017
14275,2018
14275,2019
14275,2020
14275,2021
14275,2022
14275,2023
14275,2024
14333,2016
14609,2018
14609,2019
14609,2020
14609,2021
14609,2022
14609,2023
14609,2024
14692,2017
14692,2018
14692,2019
14692,2020
14692,2021
14692,2022
14692,2023
14692,2024
14845,2019
14845,2020
14845,2021
14845,2022
14845,2023
14845,2024
14935,2019
15183,2020
15256,2022
15256,2023
15256,2024
15283,2015
15283,2023
15438,2022
16038,2023
16038,2024
16069,2023
16069,2024
16099,2024
16292,2018
16292,2019
16379,2024
