paid,conflict_id,year,pa_type
1565,333,1992,2
1128,333,1993,2
1132,333,1993,2
1131,333,1996,2
1488,333,2016,1
1353,387,2006,2
1021,327,1989,3
1022,327,1991,2
1023,327,1994,1
1126,327,2002,1
1057,322,1997,1
1564,398,1993,2
1072,398,1994,2
1566,398,1994,2
1567,389,1994,3
1568,389,1995,2
1569,389,1995,2
1073,389,1995,1
1570,"389, 398",1993,2
1533,287,1998,3
1003,287,2000,1
1065,287,2002,2
1287,287,2003,2
1285,287,2003,2
1489,287,2003,2
1099,287,2003,1
1532,287,2004,2
1335,287,2006,3
1336,287,2006,2
1490,287,2008,2
1491,287,2008,2
1386,287,2008,1
1113,300,1991,1
1571,300,1991,1
1333,405,2006,1
1355,416,2007,3
1373,416,2008,2
1433,416,2011,2
1493,416,2011,2
1454,416,2012,3
1469,416,2013,2
1494,416,2013,2
1495,416,2013,2
1497,416,2015,2
1486,416,2015,1
1498,"416, 15283",2017,1
1641,"416, 15283",2019,1
1420,361,1989,3
1421,361,1994,1
1405,349,1983,2
1427,288,1978,1
1426,288,1978,1
1428,288,1979,1
1042,288,1992,2
1043,288,1993,1
1044,288,1994,2
1116,288,1994,2
1117,288,1995,1
1045,288,1997,2
1046,288,1998,1
1118,288,1999,1
1049,288,2002,1
1274,288,2005,1
1338,288,2006,1
1499,288,2007,2
1501,289,1984,3
1502,289,1990,3
1572,289,1990,2
1573,289,1990,3
1574,289,1990,3
1575,289,1991,2
1079,289,1991,1
1503,289,1991,3
1505,289,1998,3
1329,289,1999,3
1578,289,2000,3
1122,289,2001,3
1328,289,2001,3
1120,289,2002,3
1447,289,2012,3
1579,289,2013,2
1506,289,2013,2
1507,289,2014,2
1580,289,2015,2
1581,289,2015,2
1508,289,2016,2
1487,289,2016,1
1576,407,1997,3
1024,407,2000,2
1025,407,2001,2
1127,407,2003,1
1614,408,1999,2
1026,408,1999,2
1582,408,2003,2
1074,390,1995,1
1432,435,2010,2
1009,379,1994,1
1010,379,2000,2
1146,379,2001,1
1004,283,1999,2
1288,283,2001,2
1291,283,2002,2
1005,283,2002,1
1289,283,2003,1
1290,283,2003,1
1384,283,2009,1
1468,283,2013,3
1125,403,1998,1
1583,403,1998,2
1102,316,1990,3
1103,316,1990,3
1104,316,1990,2
1105,316,1991,2
1106,316,1991,2
1107,316,1991,2
1108,316,1991,2
1109,316,1992,2
1110,316,1992,1
1591,316,1992,2
1593,316,1993,2
1592,316,1994,2
1594,316,1994,2
1511,409,2000,2
1008,409,2000,2
1620,409,2018,1
1619,409,2018,1
1621,329,2018,3
1596,392,1992,2
1597,392,1993,2
1598,392,1994,2
1130,392,1994,2
1082,233,1990,3
1083,233,1991,2
1084,233,1991,2
1085,233,1994,2
1086,233,1994,2
1087,233,1994,2
1088,233,1994,2
1089,233,1994,2
1090,233,1995,2
1091,233,1996,2
1092,233,1996,2
1093,233,1996,2
1094,233,1996,2
1095,233,1996,2
1081,233,1996,1
1097,233,1996,2
1019,410,1998,1
1599,410,1998,2
1066,381,1993,3
1512,218,1999,3
1513,218,1999,2
1071,421,1993,1
1659,421,2020,2
1514,251,2015,2
1423,335,1988,1
1121,335,1993,1
1600,366,2002,3
1111,366,2002,2
1276,366,2005,1
1406,324,1975,2
1407,324,1975,3
1408,324,1975,2
1409,324,1975,2
1410,324,1975,2
1411,324,1975,2
1412,324,1975,2
1413,324,1975,2
1414,324,1975,2
1415,324,1975,2
1416,324,1975,2
1417,324,1975,2
1133,234,1993,2
1134,234,1994,2
1135,234,1994,2
1515,234,1995,2
1136,234,1995,2
1137,234,1997,2
1138,234,1998,2
1140,234,1999,2
1354,234,2007,3
1139,419,2003,2
1292,419,2003,2
1283,419,2004,1
1273,419,2005,1
1608,419,2005,2
1359,419,2007,1
1360,419,2007,2
1361,419,2007,2
1362,419,2007,2
1376,419,2008,2
1656,13324,2021,2
1640,260,1990,1
1301,341,1990,3
1075,341,1990,3
1100,341,1990,3
1014,341,1991,2
1062,341,1991,2
1300,341,1992,2
1015,341,1993,2
1016,341,1994,2
1299,341,1994,2
1017,341,1995,2
1018,341,1996,2
1141,341,2003,3
1101,341,2003,1
1098,417,2001,1
1039,372,1991,2
1041,372,1991,3
1040,372,1992,1
1609,372,2013,2
1517,372,2015,3
30,372,2015,1
1403,428,1979,1
1610,400,1995,3
1070,400,1996,3
1615,400,1996,2
1616,400,1996,2
1617,400,1996,2
1618,400,1996,2
1123,394,1997,2
1391,332,1984,3
1308,332,1991,3
1302,332,1991,3
1303,332,1991,2
1306,332,1992,2
1307,332,1992,3
1020,332,1992,1
1639,332,2019,1
1613,221,2011,3
1485,"221, 222, 264",2015,3
1611,"221, 264",2015,3
1658,"221, 264, 222",2020,2
1624,224,2018,3
1518,422,2012,3
1438,269,2006,3
1437,269,2006,2
1436,269,2006,2
1337,269,2006,1
1520,269,2011,2
1521,336,1988,2
1522,336,1990,2
1037,373,1994,2
1038,373,1995,1
1036,430,1993,2
1563,430,1997,2
1557,369,1990,3
1076,369,1991,3
1078,369,1994,3
1558,369,1998,2
1559,369,1999,2
1560,369,1999,3
1561,369,2000,2
1562,369,2000,3
1080,369,2001,1
1058,209,1995,3
1422,308,1976,2
1424,308,1987,3
1524,308,1993,3
1064,308,1996,1
1332,308,2001,3
1526,308,2005,2
1527,308,2006,3
1528,308,2006,2
1529,308,2006,2
1530,308,2012,2
1439,308,2012,2
1470,308,2013,2
1471,308,2013,2
1472,308,2013,2
1476,308,2014,2
1478,308,2014,2
1477,308,2014,1
1320,374,1991,3
1321,374,1992,2
1523,374,1992,2
1322,374,1993,2
1323,374,1993,2
1324,374,1993,2
1325,374,1993,2
1002,374,1993,1
1284,375,2004,3
1069,384,1991,3
1011,382,1996,1
1013,382,1999,1
1143,382,2000,1
1050,337,1993,2
1142,337,1994,3
1060,337,1997,2
1374,337,2008,3
1556,337,2008,2
1385,337,2008,2
1393,345,1990,3
1394,345,1990,3
1395,345,1991,3
1396,345,1992,2
1397,345,1993,1
1389,298,1978,3
1444,11348,2012,2
1456,11348,2012,2
1457,11348,2012,2
1531,11348,2013,2
31,11345,2012,1
1480,11345,2014,1
1482,11345,2014,3
1484,11345,2014,3
24,11345,2015,2
28,11345,2015,2
29,11345,2015,1
1661,11345,2018,2
1660,11345,2018,2
1625,11345,2018,2
1657,11345,2020,3
1425,320,1979,2
1534,320,1990,1
1404,309,1988,2
1277,309,2002,2
1552,309,2002,3
1553,309,2002,2
1278,309,2003,2
1310,309,2004,2
1279,309,2004,2
1280,309,2004,2
1281,309,2004,2
1545,309,2004,2
1546,309,2004,2
1543,309,2004,2
1547,309,2004,2
1548,309,2004,2
1549,309,2004,2
1282,309,2005,1
1352,309,2005,3
1351,309,2005,1
1554,309,2005,3
1334,309,2006,2
1430,309,2010,3
1434,309,2011,3
1483,309,2014,3
1542,309,2016,3
1643,309,2019,3
1662,309,2019,3
1642,309,2019,3
1644,309,2019,3
1648,309,2020,2
1649,309,2020,2
1646,309,2020,2
1652,309,2020,2
1647,309,2020,2
1663,309,2021,3
1144,395,1995,3
1147,395,1996,2
1539,395,1996,2
1313,395,1997,2
1312,395,1997,2
1318,395,1997,2
1315,395,1997,2
1317,395,1997,2
1119,395,1997,1
1387,314,1985,1
1388,314,1988,1
1145,314,2002,2
1367,314,2007,2
1368,314,2007,2
1377,314,2008,2
1378,314,2008,2
1379,314,2008,2
1380,314,2008,2
1381,314,2008,2
1536,13246,2014,2
1537,13306,2015,2
1063,315,1998,1
1535,230,2014,2
1402,318,1975,3
1399,318,1979,1
