# Total (CC+NC) neutrino-nucleon cross sections per isoscalar nucleon 0.5(p+n), CT10nlo, in cm^2.
# Exported unchanged from nuFATE resources/NuFATECrossSections.h5 (group total_cross_sections,
# md5 c3330cc7434df4e24d37a934b7c05152), github.com/aaronvincent/nuFATE commit 86813eb, MIT licence (see LICENSE, AUTHORS).
# Energies: logspace(3, 10, 200) GeV, from the file's min_energy / max_energy / number_energy_nodes.
E_GeV,nue,nuebar,numu,numubar,nutau,nutaubar
1.000000e+03,8.563800e-36,4.878600e-36,8.563800e-36,4.878600e-36,8.168400e-36,4.575800e-36
1.084366e+03,9.239900e-36,5.282200e-36,9.239900e-36,5.282200e-36,8.835400e-36,4.970000e-36
1.175850e+03,9.967200e-36,5.718700e-36,9.967200e-36,5.718700e-36,9.552100e-36,5.396800e-36
1.275051e+03,1.074900e-35,6.190600e-36,1.074900e-35,6.190600e-36,1.032500e-35,5.858700e-36
1.382622e+03,1.159000e-35,6.700600e-36,1.159000e-35,6.700600e-36,1.115500e-35,6.359300e-36
1.499268e+03,1.249300e-35,7.251100e-36,1.249300e-35,7.251100e-36,1.204900e-35,6.899200e-36
1.625756e+03,1.346300e-35,7.846300e-36,1.346300e-35,7.846300e-36,1.300700e-35,7.483900e-36
1.762914e+03,1.450400e-35,8.489900e-36,1.450400e-35,8.489900e-36,1.403800e-35,8.115700e-36
1.911644e+03,1.562100e-35,9.183800e-36,1.562100e-35,9.183800e-36,1.514300e-35,8.798400e-36
2.072922e+03,1.681700e-35,9.932600e-36,1.681700e-35,9.932600e-36,1.632900e-35,9.535400e-36
2.247806e+03,1.809900e-35,1.073900e-35,1.809900e-35,1.073900e-35,1.759800e-35,1.033100e-35
2.437444e+03,1.947100e-35,1.161000e-35,1.947100e-35,1.161000e-35,1.896100e-35,1.118900e-35
2.643081e+03,2.093900e-35,1.254900e-35,2.093900e-35,1.254900e-35,2.041400e-35,1.211500e-35
2.866068e+03,2.250800e-35,1.355900e-35,2.250800e-35,1.355900e-35,2.197300e-35,1.311400e-35
3.107866e+03,2.418400e-35,1.464800e-35,2.418400e-35,1.464800e-35,2.363700e-35,1.418900e-35
3.370064e+03,2.597300e-35,1.581900e-35,2.597300e-35,1.581900e-35,2.541100e-35,1.534700e-35
3.654383e+03,2.788200e-35,1.707900e-35,2.788200e-35,1.707900e-35,2.730600e-35,1.659300e-35
3.962689e+03,2.991500e-35,1.843300e-35,2.991500e-35,1.843300e-35,2.932700e-35,1.793200e-35
4.297005e+03,3.208000e-35,1.988800e-35,3.208000e-35,1.988800e-35,3.148000e-35,1.937500e-35
4.659526e+03,3.438400e-35,2.145000e-35,3.438400e-35,2.145000e-35,3.376900e-35,2.092100e-35
5.052631e+03,3.683200e-35,2.312700e-35,3.683200e-35,2.312700e-35,3.620200e-35,2.258100e-35
5.478901e+03,3.943300e-35,2.492400e-35,3.943300e-35,2.492400e-35,3.878600e-35,2.436500e-35
5.941134e+03,4.219200e-35,2.685100e-35,4.219200e-35,2.685100e-35,4.153100e-35,2.627400e-35
6.442364e+03,4.511800e-35,2.891400e-35,4.511800e-35,2.891400e-35,4.444200e-35,2.832000e-35
6.985880e+03,4.821600e-35,3.112200e-35,4.821600e-35,3.112200e-35,4.752800e-35,3.051400e-35
7.575250e+03,5.149600e-35,3.348300e-35,5.149600e-35,3.348300e-35,5.078500e-35,3.285600e-35
8.214344e+03,5.496300e-35,3.600600e-35,5.496300e-35,3.600600e-35,5.423600e-35,3.536500e-35
8.907355e+03,5.862500e-35,3.870000e-35,5.862500e-35,3.870000e-35,5.788200e-35,3.803600e-35
9.658832e+03,6.249100e-35,4.157500e-35,6.249100e-35,4.157500e-35,6.172900e-35,4.089600e-35
1.047371e+04,6.656700e-35,4.464000e-35,6.656700e-35,4.464000e-35,6.579500e-35,4.394300e-35
1.135733e+04,7.086200e-35,4.790500e-35,7.086200e-35,4.790500e-35,7.007200e-35,4.718400e-35
1.231551e+04,7.538400e-35,5.138100e-35,7.538400e-35,5.138100e-35,7.456900e-35,5.064000e-35
1.335452e+04,8.014000e-35,5.507700e-35,8.014000e-35,5.507700e-35,7.931100e-35,5.432100e-35
1.448118e+04,8.513900e-35,5.900600e-35,8.513900e-35,5.900600e-35,8.428400e-35,5.822300e-35
1.570290e+04,9.038800e-35,6.317800e-35,9.038800e-35,6.317800e-35,8.951200e-35,6.238000e-35
1.702769e+04,9.589600e-35,6.760400e-35,9.589600e-35,6.760400e-35,9.500100e-35,6.677800e-35
1.846425e+04,1.016700e-34,7.229600e-35,1.016700e-34,7.229600e-35,1.007600e-34,7.144800e-35
2.002200e+04,1.077200e-34,7.726700e-35,1.077200e-34,7.726700e-35,1.067900e-34,7.640200e-35
2.171118e+04,1.140600e-34,8.252700e-35,1.140600e-34,8.252700e-35,1.131100e-34,8.163000e-35
2.354286e+04,1.206900e-34,8.809000e-35,1.206900e-34,8.809000e-35,1.197100e-34,8.717800e-35
2.552908e+04,1.276300e-34,9.396800e-35,1.276300e-34,9.396800e-35,1.266300e-34,9.302200e-35
2.768287e+04,1.348700e-34,1.001700e-34,1.348700e-34,1.001700e-34,1.338400e-34,9.921400e-35
3.001836e+04,1.424400e-34,1.067200e-34,1.424400e-34,1.067200e-34,1.413900e-34,1.057300e-34
3.255089e+04,1.503400e-34,1.136200e-34,1.503400e-34,1.136200e-34,1.492600e-34,1.126100e-34
3.529707e+04,1.585900e-34,1.208900e-34,1.585900e-34,1.208900e-34,1.574900e-34,1.198500e-34
3.827494e+04,1.671900e-34,1.285400e-34,1.671900e-34,1.285400e-34,1.660600e-34,1.274700e-34
4.150405e+04,1.761500e-34,1.365900e-34,1.761500e-34,1.365900e-34,1.749900e-34,1.355000e-34
4.500558e+04,1.854900e-34,1.450500e-34,1.854900e-34,1.450500e-34,1.843000e-34,1.439200e-34
4.880252e+04,1.952200e-34,1.539300e-34,1.952200e-34,1.539300e-34,1.940000e-34,1.527700e-34
5.291979e+04,2.053400e-34,1.632500e-34,2.053400e-34,1.632500e-34,2.041000e-34,1.620600e-34
5.738442e+04,2.158800e-34,1.730300e-34,2.158800e-34,1.730300e-34,2.146200e-34,1.718100e-34
6.222571e+04,2.268500e-34,1.832700e-34,2.268500e-34,1.832700e-34,2.255700e-34,1.820300e-34
6.747544e+04,2.382600e-34,1.940000e-34,2.382600e-34,1.940000e-34,2.369300e-34,1.927300e-34
7.316807e+04,2.501200e-34,2.052400e-34,2.501200e-34,2.052400e-34,2.487700e-34,2.039200e-34
7.934097e+04,2.624500e-34,2.169800e-34,2.624500e-34,2.169800e-34,2.610500e-34,2.156300e-34
8.603464e+04,2.752600e-34,2.292700e-34,2.752600e-34,2.292700e-34,2.738300e-34,2.278800e-34
9.329304e+04,2.885700e-34,2.421000e-34,2.885700e-34,2.421000e-34,2.871300e-34,2.406900e-34
1.011638e+05,3.024000e-34,2.555000e-34,3.024000e-34,2.555000e-34,3.008900e-34,2.540400e-34
1.096986e+05,3.167700e-34,2.694900e-34,3.167700e-34,2.694900e-34,3.152600e-34,2.680200e-34
1.189534e+05,3.316800e-34,2.840800e-34,3.316800e-34,2.840800e-34,3.301300e-34,2.825400e-34
1.289890e+05,3.471600e-34,2.992900e-34,3.471600e-34,2.992900e-34,3.455500e-34,2.977100e-34
1.398713e+05,3.632300e-34,3.151400e-34,3.632300e-34,3.151400e-34,3.615800e-34,3.135200e-34
1.516717e+05,3.799100e-34,3.316500e-34,3.799100e-34,3.316500e-34,3.782200e-34,3.299900e-34
1.644676e+05,3.972200e-34,3.488400e-34,3.972200e-34,3.488400e-34,3.954900e-34,3.471400e-34
1.783431e+05,4.151800e-34,3.667300e-34,4.151800e-34,3.667300e-34,4.134400e-34,3.650200e-34
1.933892e+05,4.338000e-34,3.853400e-34,4.338000e-34,3.853400e-34,4.319900e-34,3.835600e-34
2.097046e+05,4.531200e-34,4.047000e-34,4.531200e-34,4.047000e-34,4.512700e-34,4.028700e-34
2.273966e+05,4.731600e-34,4.248100e-34,4.731600e-34,4.248100e-34,4.712500e-34,4.229400e-34
2.465811e+05,4.939300e-34,4.457100e-34,4.939300e-34,4.457100e-34,4.919800e-34,4.438000e-34
2.673842e+05,5.154700e-34,4.674300e-34,5.154700e-34,4.674300e-34,5.134700e-34,4.654500e-34
2.899423e+05,5.378000e-34,4.899700e-34,5.378000e-34,4.899700e-34,5.357600e-34,4.879500e-34
3.144035e+05,5.609400e-34,5.133700e-34,5.609400e-34,5.133700e-34,5.588500e-34,5.113100e-34
3.409285e+05,5.849200e-34,5.376600e-34,5.849200e-34,5.376600e-34,5.827800e-34,5.355400e-34
3.696913e+05,6.097700e-34,5.628500e-34,6.097700e-34,5.628500e-34,6.075900e-34,5.607400e-34
4.008806e+05,6.355300e-34,5.889700e-34,6.355300e-34,5.889700e-34,6.333400e-34,5.867600e-34
4.347013e+05,6.622000e-34,6.160600e-34,6.622000e-34,6.160600e-34,6.599100e-34,6.138000e-34
4.713753e+05,6.898300e-34,6.441400e-34,6.898300e-34,6.441400e-34,6.874900e-34,6.418700e-34
5.111433e+05,7.184500e-34,6.732300e-34,7.184500e-34,6.732300e-34,7.161000e-34,6.709200e-34
5.542665e+05,7.480900e-34,7.033800e-34,7.480900e-34,7.033800e-34,7.457000e-34,7.009900e-34
6.010277e+05,7.787800e-34,7.346000e-34,7.787800e-34,7.346000e-34,7.763300e-34,7.321000e-34
6.517340e+05,8.105500e-34,7.669300e-34,8.105500e-34,7.669300e-34,8.079800e-34,7.643800e-34
7.067181e+05,8.434400e-34,8.004100e-34,8.434400e-34,8.004100e-34,8.408700e-34,7.978000e-34
7.663411e+05,8.774800e-34,8.350600e-34,8.774800e-34,8.350600e-34,8.748500e-34,8.324400e-34
8.309942e+05,9.127100e-34,8.709100e-34,9.127100e-34,8.709100e-34,9.099500e-34,8.681700e-34
9.011018e+05,9.491700e-34,9.080100e-34,9.491700e-34,9.080100e-34,9.464300e-34,9.052700e-34
9.771242e+05,9.868900e-34,9.464000e-34,9.868900e-34,9.464000e-34,9.840700e-34,9.435900e-34
1.059560e+06,1.025900e-33,9.860900e-34,1.025900e-33,9.860900e-34,1.023000e-33,9.832200e-34
1.148951e+06,1.066300e-33,1.027100e-33,1.066300e-33,1.027100e-33,1.063300e-33,1.024100e-33
1.245883e+06,1.108000e-33,1.069600e-33,1.108000e-33,1.069600e-33,1.104900e-33,1.066500e-33
1.350994e+06,1.151200e-33,1.113500e-33,1.151200e-33,1.113500e-33,1.148100e-33,1.110400e-33
1.464971e+06,1.195800e-33,1.158800e-33,1.195800e-33,1.158800e-33,1.192700e-33,1.155700e-33
1.588565e+06,1.241900e-33,1.205700e-33,1.241900e-33,1.205700e-33,1.238700e-33,1.202400e-33
1.722586e+06,1.289600e-33,1.254100e-33,1.289600e-33,1.254100e-33,1.286300e-33,1.250700e-33
1.867914e+06,1.338900e-33,1.304100e-33,1.338900e-33,1.304100e-33,1.335500e-33,1.300700e-33
2.025502e+06,1.389900e-33,1.355800e-33,1.389900e-33,1.355800e-33,1.386300e-33,1.352500e-33
2.196385e+06,1.442500e-33,1.409200e-33,1.442500e-33,1.409200e-33,1.438900e-33,1.405600e-33
2.381686e+06,1.496900e-33,1.464300e-33,1.496900e-33,1.464300e-33,1.493200e-33,1.460800e-33
2.582619e+06,1.553100e-33,1.521300e-33,1.553100e-33,1.521300e-33,1.549300e-33,1.517500e-33
2.800504e+06,1.611100e-33,1.580000e-33,1.611100e-33,1.580000e-33,1.607300e-33,1.576200e-33
3.036771e+06,1.671000e-33,1.640700e-33,1.671000e-33,1.640700e-33,1.667100e-33,1.636700e-33
3.292971e+06,1.732900e-33,1.703300e-33,1.732900e-33,1.703300e-33,1.729000e-33,1.699400e-33
3.570786e+06,1.796800e-33,1.767900e-33,1.796800e-33,1.767900e-33,1.792700e-33,1.763800e-33
3.872039e+06,1.862700e-33,1.834600e-33,1.862700e-33,1.834600e-33,1.858500e-33,1.830400e-33
4.198707e+06,1.930800e-33,1.903400e-33,1.930800e-33,1.903400e-33,1.926500e-33,1.899100e-33
4.552935e+06,2.001100e-33,1.974400e-33,2.001100e-33,1.974400e-33,1.996700e-33,1.970000e-33
4.937048e+06,2.073600e-33,2.047600e-33,2.073600e-33,2.047600e-33,2.069100e-33,2.043100e-33
5.353567e+06,2.148400e-33,2.123100e-33,2.148400e-33,2.123100e-33,2.143800e-33,2.118500e-33
5.805226e+06,2.225600e-33,2.201000e-33,2.225600e-33,2.201000e-33,2.220900e-33,2.196300e-33
6.294989e+06,2.305200e-33,2.281300e-33,2.305200e-33,2.281300e-33,2.300400e-33,2.276500e-33
6.826072e+06,2.387400e-33,2.364100e-33,2.387400e-33,2.364100e-33,2.382500e-33,2.359200e-33
7.401960e+06,2.472100e-33,2.449500e-33,2.472100e-33,2.449500e-33,2.467200e-33,2.444600e-33
8.026434e+06,2.559400e-33,2.537500e-33,2.559400e-33,2.537500e-33,2.554500e-33,2.532600e-33
8.703591e+06,2.649500e-33,2.628200e-33,2.649500e-33,2.628200e-33,2.644500e-33,2.623100e-33
9.437878e+06,2.742300e-33,2.721600e-33,2.742300e-33,2.721600e-33,2.737100e-33,2.716400e-33
1.023411e+07,2.838100e-33,2.818000e-33,2.838100e-33,2.818000e-33,2.832800e-33,2.812600e-33
1.109752e+07,2.936700e-33,2.917300e-33,2.936700e-33,2.917300e-33,2.931400e-33,2.911900e-33
1.203378e+07,3.038400e-33,3.019500e-33,3.038400e-33,3.019500e-33,3.033000e-33,3.014100e-33
1.304902e+07,3.143200e-33,3.124900e-33,3.143200e-33,3.124900e-33,3.137900e-33,3.119500e-33
1.414991e+07,3.251200e-33,3.233500e-33,3.251200e-33,3.233500e-33,3.245700e-33,3.227900e-33
1.534368e+07,3.362500e-33,3.345300e-33,3.362500e-33,3.345300e-33,3.356800e-33,3.339600e-33
1.663817e+07,3.477100e-33,3.460400e-33,3.477100e-33,3.460400e-33,3.471400e-33,3.454700e-33
1.804186e+07,3.595100e-33,3.579000e-33,3.595100e-33,3.579000e-33,3.589300e-33,3.573300e-33
1.956398e+07,3.716700e-33,3.701100e-33,3.716700e-33,3.701100e-33,3.710800e-33,3.695300e-33
2.121452e+07,3.841900e-33,3.826800e-33,3.841900e-33,3.826800e-33,3.836000e-33,3.820800e-33
2.300430e+07,3.970900e-33,3.956300e-33,3.970900e-33,3.956300e-33,3.964900e-33,3.950300e-33
2.494508e+07,4.103700e-33,4.089500e-33,4.103700e-33,4.089500e-33,4.097200e-33,4.083000e-33
2.704960e+07,4.240300e-33,4.226700e-33,4.240300e-33,4.226700e-33,4.234200e-33,4.220500e-33
2.933166e+07,4.381100e-33,4.367900e-33,4.381100e-33,4.367900e-33,4.374800e-33,4.361700e-33
3.180626e+07,4.525900e-33,4.513200e-33,4.525900e-33,4.513200e-33,4.519500e-33,4.506700e-33
3.448962e+07,4.675000e-33,4.662700e-33,4.675000e-33,4.662700e-33,4.668500e-33,4.656300e-33
3.739937e+07,4.828400e-33,4.816600e-33,4.828400e-33,4.816600e-33,4.821900e-33,4.810000e-33
4.055461e+07,4.986300e-33,4.974900e-33,4.986300e-33,4.974900e-33,4.979200e-33,4.967700e-33
4.397604e+07,5.148800e-33,5.137700e-33,5.148800e-33,5.137700e-33,5.141600e-33,5.130500e-33
4.768612e+07,5.315900e-33,5.305200e-33,5.315900e-33,5.305200e-33,5.308700e-33,5.298000e-33
5.170920e+07,5.487900e-33,5.477600e-33,5.487900e-33,5.477600e-33,5.480500e-33,5.470200e-33
5.607170e+07,5.664700e-33,5.654800e-33,5.664700e-33,5.654800e-33,5.657300e-33,5.647300e-33
6.080224e+07,5.846700e-33,5.837100e-33,5.846700e-33,5.837100e-33,5.839000e-33,5.829400e-33
6.593188e+07,6.033800e-33,6.024500e-33,6.033800e-33,6.024500e-33,6.026100e-33,6.016800e-33
7.149429e+07,6.226200e-33,6.217200e-33,6.226200e-33,6.217200e-33,6.218300e-33,6.209400e-33
7.752597e+07,6.424000e-33,6.415400e-33,6.424000e-33,6.415400e-33,6.416100e-33,6.407500e-33
8.406653e+07,6.627400e-33,6.619100e-33,6.627400e-33,6.619100e-33,6.619400e-33,6.611100e-33
9.115888e+07,6.836500e-33,6.828600e-33,6.836500e-33,6.828600e-33,6.828500e-33,6.820500e-33
9.884959e+07,7.051500e-33,7.043800e-33,7.051500e-33,7.043800e-33,7.043300e-33,7.035700e-33
1.071891e+08,7.272500e-33,7.265100e-33,7.272500e-33,7.265100e-33,7.264200e-33,7.256800e-33
1.162322e+08,7.499600e-33,7.492500e-33,7.499600e-33,7.492500e-33,7.491200e-33,7.484100e-33
1.260383e+08,7.733000e-33,7.726200e-33,7.733000e-33,7.726200e-33,7.724500e-33,7.717600e-33
1.366716e+08,7.972900e-33,7.966300e-33,7.972900e-33,7.966300e-33,7.964300e-33,7.957700e-33
1.482021e+08,8.219300e-33,8.213000e-33,8.219300e-33,8.213000e-33,8.210600e-33,8.204200e-33
1.607053e+08,8.472500e-33,8.466400e-33,8.472500e-33,8.466400e-33,8.464500e-33,8.458400e-33
1.742633e+08,8.732600e-33,8.726700e-33,8.732600e-33,8.726700e-33,8.723700e-33,8.717800e-33
1.889652e+08,8.999800e-33,8.994100e-33,8.999800e-33,8.994100e-33,8.990800e-33,8.985200e-33
2.049075e+08,9.274200e-33,9.268800e-33,9.274200e-33,9.268800e-33,9.265200e-33,9.259700e-33
2.221947e+08,9.556000e-33,9.550800e-33,9.556000e-33,9.550800e-33,9.546900e-33,9.541700e-33
2.409404e+08,9.845400e-33,9.840400e-33,9.845400e-33,9.840400e-33,9.836300e-33,9.831200e-33
2.612675e+08,1.014300e-32,1.013800e-32,1.014300e-32,1.013800e-32,1.013300e-32,1.012800e-32
2.833096e+08,1.044800e-32,1.044300e-32,1.044800e-32,1.044300e-32,1.043800e-32,1.043400e-32
3.072113e+08,1.076100e-32,1.075600e-32,1.076100e-32,1.075600e-32,1.075100e-32,1.074700e-32
3.331295e+08,1.108200e-32,1.107800e-32,1.108200e-32,1.107800e-32,1.107300e-32,1.106800e-32
3.612343e+08,1.141200e-32,1.140800e-32,1.141200e-32,1.140800e-32,1.140300e-32,1.139900e-32
3.917101e+08,1.175100e-32,1.174700e-32,1.175100e-32,1.174700e-32,1.174100e-32,1.173700e-32
4.247572e+08,1.209800e-32,1.209400e-32,1.209800e-32,1.209400e-32,1.208800e-32,1.208500e-32
4.605922e+08,1.245400e-32,1.245100e-32,1.245400e-32,1.245100e-32,1.244500e-32,1.244100e-32
4.994505e+08,1.282000e-32,1.281600e-32,1.282000e-32,1.281600e-32,1.281000e-32,1.280700e-32
5.415871e+08,1.319500e-32,1.319200e-32,1.319500e-32,1.319200e-32,1.318500e-32,1.318200e-32
5.872787e+08,1.357900e-32,1.357600e-32,1.357900e-32,1.357600e-32,1.356900e-32,1.356600e-32
6.368250e+08,1.397400e-32,1.397100e-32,1.397400e-32,1.397100e-32,1.396400e-32,1.396100e-32
6.905514e+08,1.437800e-32,1.437500e-32,1.437800e-32,1.437500e-32,1.436800e-32,1.436500e-32
7.488104e+08,1.479200e-32,1.478900e-32,1.479200e-32,1.478900e-32,1.478200e-32,1.477900e-32
8.119845e+08,1.521600e-32,1.521400e-32,1.521600e-32,1.521400e-32,1.520600e-32,1.520400e-32
8.804884e+08,1.565100e-32,1.564900e-32,1.565100e-32,1.564900e-32,1.564100e-32,1.563900e-32
9.547716e+08,1.609700e-32,1.609500e-32,1.609700e-32,1.609500e-32,1.608700e-32,1.608400e-32
1.035322e+09,1.655300e-32,1.655100e-32,1.655300e-32,1.655100e-32,1.654300e-32,1.654100e-32
1.122668e+09,1.702100e-32,1.701800e-32,1.702100e-32,1.701800e-32,1.701100e-32,1.700800e-32
1.217383e+09,1.749900e-32,1.749700e-32,1.749900e-32,1.749700e-32,1.748900e-32,1.748700e-32
1.320088e+09,1.798900e-32,1.798700e-32,1.798900e-32,1.798700e-32,1.797900e-32,1.797700e-32
1.431459e+09,1.849000e-32,1.848800e-32,1.849000e-32,1.848800e-32,1.848000e-32,1.847800e-32
1.552225e+09,1.900300e-32,1.900100e-32,1.900300e-32,1.900100e-32,1.899300e-32,1.899100e-32
1.683180e+09,1.952700e-32,1.952500e-32,1.952700e-32,1.952500e-32,1.951700e-32,1.951500e-32
1.825183e+09,2.006300e-32,2.006100e-32,2.006300e-32,2.006100e-32,2.005300e-32,2.005100e-32
1.979167e+09,2.061000e-32,2.060900e-32,2.061000e-32,2.060900e-32,2.060100e-32,2.059900e-32
2.146141e+09,2.117000e-32,2.116800e-32,2.117000e-32,2.116800e-32,2.116100e-32,2.115900e-32
2.327202e+09,2.174200e-32,2.174000e-32,2.174200e-32,2.174000e-32,2.173200e-32,2.173100e-32
2.523539e+09,2.232500e-32,2.232400e-32,2.232500e-32,2.232400e-32,2.231600e-32,2.231500e-32
2.736440e+09,2.292100e-32,2.292000e-32,2.292100e-32,2.292000e-32,2.291200e-32,2.291000e-32
2.967302e+09,2.352900e-32,2.352700e-32,2.352900e-32,2.352700e-32,2.351900e-32,2.351800e-32
3.217642e+09,2.414800e-32,2.414700e-32,2.414800e-32,2.414700e-32,2.413900e-32,2.413800e-32
3.489101e+09,2.478000e-32,2.477800e-32,2.478000e-32,2.477800e-32,2.477100e-32,2.477000e-32
3.783463e+09,2.542300e-32,2.542200e-32,2.542300e-32,2.542200e-32,2.541400e-32,2.541300e-32
4.102658e+09,2.607800e-32,2.607700e-32,2.607800e-32,2.607700e-32,2.607000e-32,2.606900e-32
4.448783e+09,2.674400e-32,2.674300e-32,2.674400e-32,2.674300e-32,2.673700e-32,2.673600e-32
4.824109e+09,2.742200e-32,2.742100e-32,2.742200e-32,2.742100e-32,2.741500e-32,2.741300e-32
5.231099e+09,2.811000e-32,2.810900e-32,2.811000e-32,2.810900e-32,2.810300e-32,2.810200e-32
5.672426e+09,2.881000e-32,2.880900e-32,2.881000e-32,2.880900e-32,2.880300e-32,2.880200e-32
6.150986e+09,2.952000e-32,2.951900e-32,2.952000e-32,2.951900e-32,2.951300e-32,2.951200e-32
6.669920e+09,3.024000e-32,3.023900e-32,3.024000e-32,3.023900e-32,3.023300e-32,3.023200e-32
7.232634e+09,3.096900e-32,3.096800e-32,3.096900e-32,3.096800e-32,3.096200e-32,3.096100e-32
7.842822e+09,3.170800e-32,3.170700e-32,3.170800e-32,3.170700e-32,3.170100e-32,3.170000e-32
8.504489e+09,3.245500e-32,3.245400e-32,3.245500e-32,3.245400e-32,3.244800e-32,3.244700e-32
9.221979e+09,3.321000e-32,3.320900e-32,3.321000e-32,3.320900e-32,3.320300e-32,3.320300e-32
1.000000e+10,3.397200e-32,3.397200e-32,3.397200e-32,3.397200e-32,3.396600e-32,3.396500e-32
